,time,price
0,2019-01-02T07:00:00+00:00,39.81
1,2019-01-02T07:15:00+00:00,39.235
2,2019-01-02T07:30:00+00:00,39.3625
3,2019-01-02T07:45:00+00:00,39.3825
4,2019-01-02T08:00:00+00:00,39.125
5,2019-01-02T08:15:00+00:00,39.0875
6,2019-01-02T08:30:00+00:00,38.76
7,2019-01-02T08:45:00+00:00,38.75
8,2019-01-02T09:00:00+00:00,38.62
9,2019-01-02T09:15:00+00:00,38.6775
10,2019-01-02T09:30:00+00:00,38.6775
11,2019-01-02T10:00:00+00:00,38.755
12,2019-01-02T10:15:00+00:00,38.75
13,2019-01-02T10:30:00+00:00,38.755
14,2019-01-02T10:45:00+00:00,38.755
15,2019-01-02T11:00:00+00:00,38.755
16,2019-01-02T11:15:00+00:00,38.6725
17,2019-01-02T11:30:00+00:00,38.69
18,2019-01-02T11:45:00+00:00,38.69
19,2019-01-02T12:00:00+00:00,38.76
20,2019-01-02T12:15:00+00:00,38.775
21,2019-01-02T12:30:00+00:00,38.75
22,2019-01-02T12:45:00+00:00,38.625
23,2019-01-02T13:00:00+00:00,38.725
24,2019-01-02T13:15:00+00:00,38.625
25,2019-01-02T13:30:00+00:00,38.635
26,2019-01-02T13:45:00+00:00,38.6575
27,2019-01-02T14:00:00+00:00,38.75
28,2019-01-02T14:15:00+00:00,38.735
29,2019-01-02T14:30:00+00:00,38.75
30,2019-01-02T14:45:00+00:00,38.7975
31,2019-01-02T15:00:00+00:00,38.9
32,2019-01-02T15:15:00+00:00,38.94
33,2019-01-02T15:30:00+00:00,39.2025
34,2019-01-02T15:45:00+00:00,39.2125
35,2019-01-02T16:00:00+00:00,39.415
36,2019-01-02T16:15:00+00:00,39.4225
37,2019-01-02T16:30:00+00:00,39.445
38,2019-01-02T16:45:00+00:00,39.2575
39,2019-01-02T17:00:00+00:00,39.35
40,2019-01-02T17:15:00+00:00,39.345
41,2019-01-02T17:30:00+00:00,39.5025
42,2019-01-02T17:45:00+00:00,39.5425
43,2019-01-02T18:00:00+00:00,39.595
44,2019-01-02T18:15:00+00:00,39.5875
45,2019-01-02T18:30:00+00:00,39.55
46,2019-01-02T18:45:00+00:00,39.6825
47,2019-01-02T19:00:00+00:00,39.47
48,2019-01-02T19:15:00+00:00,39.565
49,2019-01-02T19:30:00+00:00,39.555
50,2019-01-02T19:45:00+00:00,39.4775
51,2019-01-02T20:00:00+00:00,39.3125
52,2019-01-02T20:15:00+00:00,39.2825
53,2019-01-02T20:30:00+00:00,39.1975
54,2019-01-02T20:45:00+00:00,39.48
55,2019-01-02T21:00:00+00:00,39.47
56,2019-01-02T21:15:00+00:00,39.4675
57,2019-01-02T21:45:00+00:00,36.54
58,2019-01-02T22:00:00+00:00,36.6625
59,2019-01-02T22:15:00+00:00,36.63
60,2019-01-02T22:30:00+00:00,36.535
61,2019-01-02T22:45:00+00:00,36.53
62,2019-01-02T23:00:00+00:00,36.655
63,2019-01-02T23:15:00+00:00,36.6225
64,2019-01-03T07:00:00+00:00,37.2425
65,2019-01-03T07:15:00+00:00,37.225
66,2019-01-03T07:30:00+00:00,37.965
67,2019-01-03T07:45:00+00:00,37.69
68,2019-01-03T08:00:00+00:00,37.98
69,2019-01-03T08:15:00+00:00,37.8
70,2019-01-03T08:30:00+00:00,37.505
71,2019-01-03T08:45:00+00:00,37.4575
72,2019-01-03T09:00:00+00:00,36.46
73,2019-01-03T09:15:00+00:00,36.7475
74,2019-01-03T09:30:00+00:00,36.715
75,2019-01-03T09:45:00+00:00,36.8
76,2019-01-03T10:00:00+00:00,36.4525
77,2019-01-03T10:15:00+00:00,36.7425
78,2019-01-03T10:30:00+00:00,36.6725
79,2019-01-03T10:45:00+00:00,36.745
80,2019-01-03T11:00:00+00:00,36.195
81,2019-01-03T11:15:00+00:00,36.2325
82,2019-01-03T11:30:00+00:00,35.985
83,2019-01-03T11:45:00+00:00,36.1075
84,2019-01-03T12:00:00+00:00,36.2425
85,2019-01-03T12:15:00+00:00,36.25
86,2019-01-03T12:30:00+00:00,36.2
87,2019-01-03T12:45:00+00:00,36.23
88,2019-01-03T13:00:00+00:00,36.4675
89,2019-01-03T13:15:00+00:00,36.3525
90,2019-01-03T13:30:00+00:00,36.2025
91,2019-01-03T13:45:00+00:00,36.05
92,2019-01-03T14:00:00+00:00,35.8625
93,2019-01-03T14:15:00+00:00,35.985
94,2019-01-03T14:30:00+00:00,36.015
95,2019-01-03T14:45:00+00:00,36.1025
96,2019-01-03T15:00:00+00:00,35.85
97,2019-01-03T15:15:00+00:00,35.995
98,2019-01-03T15:30:00+00:00,35.535
99,2019-01-03T15:45:00+00:00,35.7975
100,2019-01-03T16:00:00+00:00,35.955
101,2019-01-03T16:15:00+00:00,36.0925
102,2019-01-03T16:30:00+00:00,36.1975
103,2019-01-03T16:45:00+00:00,36.1825
104,2019-01-03T17:00:00+00:00,36.3525
105,2019-01-03T17:15:00+00:00,36.2525
106,2019-01-03T17:30:00+00:00,36.155
107,2019-01-03T17:45:00+00:00,36.265
108,2019-01-03T18:00:00+00:00,36.255
109,2019-01-03T18:15:00+00:00,36.0575
110,2019-01-03T18:30:00+00:00,36.0675
111,2019-01-03T18:45:00+00:00,35.74
112,2019-01-03T19:00:00+00:00,35.8025
113,2019-01-03T19:15:00+00:00,35.905
114,2019-01-03T19:30:00+00:00,35.8025
115,2019-01-03T19:45:00+00:00,35.655
116,2019-01-03T20:00:00+00:00,35.5025
117,2019-01-03T20:15:00+00:00,35.6575
118,2019-01-03T20:30:00+00:00,35.625
119,2019-01-03T20:45:00+00:00,35.52
120,2019-01-03T21:00:00+00:00,35.6275
121,2019-01-03T21:15:00+00:00,35.6875
122,2019-01-03T21:30:00+00:00,35.655
123,2019-01-03T21:45:00+00:00,35.64
124,2019-01-03T22:00:00+00:00,35.6275
125,2019-01-03T22:15:00+00:00,35.6275
126,2019-01-03T22:30:00+00:00,35.645
127,2019-01-03T22:45:00+00:00,35.645
128,2019-01-03T23:00:00+00:00,35.665
129,2019-01-03T23:15:00+00:00,35.675
130,2019-01-04T07:00:00+00:00,35.8875
131,2019-01-04T07:15:00+00:00,35.875
132,2019-01-04T07:30:00+00:00,36.11
133,2019-01-04T07:45:00+00:00,35.91
134,2019-01-04T08:00:00+00:00,36.11
135,2019-01-04T08:15:00+00:00,36.0975
136,2019-01-04T08:30:00+00:00,36.1
137,2019-01-04T08:45:00+00:00,36.075
138,2019-01-04T09:00:00+00:00,36.005
139,2019-01-04T09:15:00+00:00,36.0725
140,2019-01-04T09:30:00+00:00,36.11
141,2019-01-04T09:45:00+00:00,35.94
142,2019-01-04T10:00:00+00:00,36.0275
143,2019-01-04T10:15:00+00:00,36.1225
144,2019-01-04T10:30:00+00:00,36.24
145,2019-01-04T10:45:00+00:00,36.1625
146,2019-01-04T11:00:00+00:00,36.24
147,2019-01-04T11:15:00+00:00,36.1875
148,2019-01-04T11:30:00+00:00,36.22
149,2019-01-04T11:45:00+00:00,36.3225
150,2019-01-04T12:00:00+00:00,36.005
151,2019-01-04T12:15:00+00:00,36.3025
152,2019-01-04T12:30:00+00:00,36.0
153,2019-01-04T12:45:00+00:00,36.0
154,2019-01-04T13:00:00+00:00,36.065
155,2019-01-04T13:15:00+00:00,36.065
156,2019-01-04T13:30:00+00:00,35.99
157,2019-01-04T13:45:00+00:00,35.9775
158,2019-01-04T14:00:00+00:00,35.9375
159,2019-01-04T14:15:00+00:00,36.145
160,2019-01-04T14:30:00+00:00,36.1125
161,2019-01-04T14:45:00+00:00,36.345
162,2019-01-04T15:00:00+00:00,36.34
163,2019-01-04T15:15:00+00:00,36.705
164,2019-01-04T15:30:00+00:00,36.66
165,2019-01-04T15:45:00+00:00,36.8
166,2019-01-04T16:00:00+00:00,36.8225
167,2019-01-04T16:15:00+00:00,36.915
168,2019-01-04T16:30:00+00:00,36.845
169,2019-01-04T16:45:00+00:00,36.775
170,2019-01-04T17:00:00+00:00,36.75
171,2019-01-04T17:15:00+00:00,36.8375
172,2019-01-04T17:30:00+00:00,36.91
173,2019-01-04T17:45:00+00:00,36.88
174,2019-01-04T18:00:00+00:00,37.0025
175,2019-01-04T18:15:00+00:00,37.1125
176,2019-01-04T18:30:00+00:00,36.975
177,2019-01-04T18:45:00+00:00,36.9625
178,2019-01-04T19:00:00+00:00,36.9975
179,2019-01-04T19:15:00+00:00,37.035
180,2019-01-04T19:30:00+00:00,37.04
181,2019-01-04T19:45:00+00:00,36.79
182,2019-01-04T20:00:00+00:00,36.8975
183,2019-01-04T20:15:00+00:00,36.79
184,2019-01-04T20:30:00+00:00,36.9475
185,2019-01-04T20:45:00+00:00,37.065
186,2019-01-04T21:00:00+00:00,37.0475
187,2019-01-04T21:15:00+00:00,37.015
188,2019-01-04T21:30:00+00:00,37.025
189,2019-01-04T21:45:00+00:00,37.0025
190,2019-01-04T22:00:00+00:00,37.005
191,2019-01-04T22:15:00+00:00,37.0225
192,2019-01-04T22:30:00+00:00,37.01
193,2019-01-04T22:45:00+00:00,37.0075
194,2019-01-04T23:00:00+00:00,37.0075
195,2019-01-04T23:15:00+00:00,37.0075
196,2019-01-07T07:00:00+00:00,37.4625
197,2019-01-07T07:15:00+00:00,37.3775
198,2019-01-07T07:30:00+00:00,37.5
199,2019-01-07T07:45:00+00:00,37.71
200,2019-01-07T08:00:00+00:00,37.5475
201,2019-01-07T08:15:00+00:00,37.3775
202,2019-01-07T08:30:00+00:00,37.385
203,2019-01-07T08:45:00+00:00,37.2675
204,2019-01-07T09:00:00+00:00,37.2475
205,2019-01-07T09:15:00+00:00,37.19
206,2019-01-07T09:30:00+00:00,37.1025
207,2019-01-07T09:45:00+00:00,36.99
208,2019-01-07T10:00:00+00:00,37.1275
209,2019-01-07T10:15:00+00:00,37.0825
210,2019-01-07T10:30:00+00:00,37.135
211,2019-01-07T10:45:00+00:00,37.17
212,2019-01-07T11:00:00+00:00,37.17
213,2019-01-07T11:15:00+00:00,37.125
214,2019-01-07T11:30:00+00:00,37.0025
215,2019-01-07T11:45:00+00:00,37.0925
216,2019-01-07T12:00:00+00:00,37.02
217,2019-01-07T12:15:00+00:00,37.055
218,2019-01-07T12:30:00+00:00,37.0125
219,2019-01-07T12:45:00+00:00,37.1
220,2019-01-07T13:00:00+00:00,37.075
221,2019-01-07T13:15:00+00:00,37.05
222,2019-01-07T13:30:00+00:00,36.995
223,2019-01-07T13:45:00+00:00,36.9975
224,2019-01-07T14:00:00+00:00,37.075
225,2019-01-07T14:15:00+00:00,37.1525
226,2019-01-07T14:30:00+00:00,36.685
227,2019-01-07T14:45:00+00:00,36.82
228,2019-01-07T15:00:00+00:00,36.71
229,2019-01-07T15:15:00+00:00,36.9925
230,2019-01-07T15:30:00+00:00,37.02
231,2019-01-07T15:45:00+00:00,37.01
232,2019-01-07T16:00:00+00:00,36.615
233,2019-01-07T16:15:00+00:00,36.57
234,2019-01-07T16:30:00+00:00,36.7125
235,2019-01-07T16:45:00+00:00,36.8175
236,2019-01-07T17:00:00+00:00,36.815
237,2019-01-07T17:15:00+00:00,36.905
238,2019-01-07T17:30:00+00:00,36.8025
239,2019-01-07T17:45:00+00:00,36.92
240,2019-01-07T18:00:00+00:00,36.8975
241,2019-01-07T18:15:00+00:00,36.8125
242,2019-01-07T18:30:00+00:00,36.8025
243,2019-01-07T18:45:00+00:00,36.715
244,2019-01-07T19:00:00+00:00,36.73
245,2019-01-07T19:15:00+00:00,36.6425
246,2019-01-07T19:30:00+00:00,36.6675
247,2019-01-07T19:45:00+00:00,36.75
248,2019-01-07T20:00:00+00:00,36.87
249,2019-01-07T20:15:00+00:00,37.0625
250,2019-01-07T20:30:00+00:00,37.0375
251,2019-01-07T20:45:00+00:00,36.96
252,2019-01-07T21:00:00+00:00,36.9425
253,2019-01-07T21:15:00+00:00,36.9475
254,2019-01-07T21:30:00+00:00,36.9625
255,2019-01-07T21:45:00+00:00,36.9625
256,2019-01-07T22:00:00+00:00,36.9475
257,2019-01-07T22:15:00+00:00,36.925
258,2019-01-07T22:30:00+00:00,36.9625
259,2019-01-07T22:45:00+00:00,36.9625
260,2019-01-07T23:00:00+00:00,36.95
261,2019-01-08T07:00:00+00:00,36.995
262,2019-01-08T07:15:00+00:00,37.06
263,2019-01-08T07:30:00+00:00,36.9975
264,2019-01-08T07:45:00+00:00,37.0
265,2019-01-08T08:00:00+00:00,37.0575
266,2019-01-08T08:15:00+00:00,37.075
267,2019-01-08T08:30:00+00:00,37.125
268,2019-01-08T08:45:00+00:00,37.17
269,2019-01-08T09:00:00+00:00,37.1425
270,2019-01-08T09:15:00+00:00,37.1575
271,2019-01-08T09:30:00+00:00,37.1425
272,2019-01-08T09:45:00+00:00,37.1075
273,2019-01-08T10:00:00+00:00,37.04
274,2019-01-08T10:15:00+00:00,37.05
275,2019-01-08T10:30:00+00:00,37.05
276,2019-01-08T10:45:00+00:00,37.045
277,2019-01-08T11:00:00+00:00,37.125
278,2019-01-08T11:15:00+00:00,37.085
279,2019-01-08T11:30:00+00:00,37.125
280,2019-01-08T11:45:00+00:00,37.1725
281,2019-01-08T12:00:00+00:00,37.1625
282,2019-01-08T12:15:00+00:00,37.185
283,2019-01-08T12:30:00+00:00,37.17
284,2019-01-08T12:45:00+00:00,37.1425
285,2019-01-08T13:00:00+00:00,37.09
286,2019-01-08T13:15:00+00:00,37.125
287,2019-01-08T13:30:00+00:00,37.1575
288,2019-01-08T13:45:00+00:00,37.2325
289,2019-01-08T14:00:00+00:00,37.1275
290,2019-01-08T14:15:00+00:00,37.335
291,2019-01-08T14:30:00+00:00,37.3375
292,2019-01-08T14:45:00+00:00,37.2525
293,2019-01-08T15:00:00+00:00,37.29
294,2019-01-08T15:15:00+00:00,37.245
295,2019-01-08T15:30:00+00:00,37.28
296,2019-01-08T15:45:00+00:00,37.225
297,2019-01-08T16:00:00+00:00,37.4225
298,2019-01-08T16:15:00+00:00,37.39
299,2019-01-08T16:30:00+00:00,37.4
300,2019-01-08T16:45:00+00:00,37.38
301,2019-01-08T17:00:00+00:00,37.4975
302,2019-01-08T17:15:00+00:00,37.62
303,2019-01-08T17:30:00+00:00,37.63
304,2019-01-08T17:45:00+00:00,37.4975
305,2019-01-08T18:00:00+00:00,37.55
306,2019-01-08T18:15:00+00:00,37.77
307,2019-01-08T18:30:00+00:00,37.6975
308,2019-01-08T18:45:00+00:00,37.8225
309,2019-01-08T19:00:00+00:00,37.82
310,2019-01-08T19:15:00+00:00,37.74
311,2019-01-08T19:30:00+00:00,37.9175
312,2019-01-08T19:45:00+00:00,37.855
313,2019-01-08T20:00:00+00:00,37.7625
314,2019-01-08T20:15:00+00:00,37.7875
315,2019-01-08T20:30:00+00:00,37.665
316,2019-01-08T20:45:00+00:00,37.6925
317,2019-01-08T21:00:00+00:00,37.67
318,2019-01-08T21:15:00+00:00,37.66
319,2019-01-08T21:30:00+00:00,37.725
320,2019-01-08T21:45:00+00:00,37.675
321,2019-01-08T22:00:00+00:00,37.67
322,2019-01-08T22:15:00+00:00,37.65
323,2019-01-08T22:30:00+00:00,37.6975
324,2019-01-08T22:45:00+00:00,37.6925
325,2019-01-08T23:00:00+00:00,37.7475
326,2019-01-08T23:15:00+00:00,37.72
327,2019-01-09T07:00:00+00:00,37.7
328,2019-01-09T07:15:00+00:00,37.7175
329,2019-01-09T07:30:00+00:00,37.7
330,2019-01-09T07:45:00+00:00,37.785
331,2019-01-09T08:00:00+00:00,37.8725
332,2019-01-09T08:15:00+00:00,37.775
333,2019-01-09T08:30:00+00:00,37.87
334,2019-01-09T08:45:00+00:00,37.915
335,2019-01-09T09:00:00+00:00,37.985
336,2019-01-09T09:15:00+00:00,38.12
337,2019-01-09T09:30:00+00:00,38.0875
338,2019-01-09T09:45:00+00:00,38.0775
339,2019-01-09T10:00:00+00:00,38.1275
340,2019-01-09T10:15:00+00:00,38.175
341,2019-01-09T10:30:00+00:00,38.2
342,2019-01-09T10:45:00+00:00,38.25
343,2019-01-09T11:00:00+00:00,38.1725
344,2019-01-09T11:15:00+00:00,38.28
345,2019-01-09T11:30:00+00:00,38.22
346,2019-01-09T11:45:00+00:00,38.2375
347,2019-01-09T12:00:00+00:00,37.9225
348,2019-01-09T12:15:00+00:00,37.9525
349,2019-01-09T12:30:00+00:00,38.0
350,2019-01-09T12:45:00+00:00,37.92
351,2019-01-09T13:00:00+00:00,37.88
352,2019-01-09T13:15:00+00:00,37.855
353,2019-01-09T13:30:00+00:00,37.665
354,2019-01-09T13:45:00+00:00,37.7075
355,2019-01-09T14:00:00+00:00,37.6
356,2019-01-09T14:15:00+00:00,37.7425
357,2019-01-09T14:30:00+00:00,37.9525
358,2019-01-09T14:45:00+00:00,37.955
359,2019-01-09T15:00:00+00:00,37.9575
360,2019-01-09T15:15:00+00:00,38.1625
361,2019-01-09T15:30:00+00:00,38.07
362,2019-01-09T15:45:00+00:00,38.125
363,2019-01-09T16:00:00+00:00,38.2125
364,2019-01-09T16:15:00+00:00,38.21
365,2019-01-09T16:30:00+00:00,38.2575
366,2019-01-09T16:45:00+00:00,38.4575
367,2019-01-09T17:00:00+00:00,38.455
368,2019-01-09T17:15:00+00:00,38.5
369,2019-01-09T17:30:00+00:00,38.4825
370,2019-01-09T17:45:00+00:00,38.4625
371,2019-01-09T18:00:00+00:00,38.425
372,2019-01-09T18:15:00+00:00,38.4475
373,2019-01-09T18:30:00+00:00,38.5475
374,2019-01-09T18:45:00+00:00,38.4725
375,2019-01-09T19:00:00+00:00,38.545
376,2019-01-09T19:15:00+00:00,38.2825
377,2019-01-09T19:30:00+00:00,38.4375
378,2019-01-09T19:45:00+00:00,38.44
379,2019-01-09T20:00:00+00:00,38.5125
380,2019-01-09T20:15:00+00:00,38.535
381,2019-01-09T20:30:00+00:00,38.425
382,2019-01-09T20:45:00+00:00,38.3275
383,2019-01-09T21:00:00+00:00,38.2875
384,2019-01-09T21:15:00+00:00,38.3
385,2019-01-09T21:30:00+00:00,38.275
386,2019-01-09T21:45:00+00:00,38.2475
387,2019-01-09T22:00:00+00:00,38.235
388,2019-01-09T22:15:00+00:00,38.2225
389,2019-01-09T22:30:00+00:00,38.225
390,2019-01-09T22:45:00+00:00,38.225
391,2019-01-09T23:00:00+00:00,38.2
392,2019-01-09T23:15:00+00:00,38.2
393,2019-01-10T07:00:00+00:00,38.19
394,2019-01-10T07:15:00+00:00,38.1625
395,2019-01-10T07:30:00+00:00,38.095
396,2019-01-10T07:45:00+00:00,38.065
397,2019-01-10T08:00:00+00:00,38.0325
398,2019-01-10T08:15:00+00:00,37.945
399,2019-01-10T08:30:00+00:00,37.9975
400,2019-01-10T08:45:00+00:00,37.9925
401,2019-01-10T09:00:00+00:00,37.915
402,2019-01-10T09:15:00+00:00,38.0125
403,2019-01-10T09:30:00+00:00,37.9925
404,2019-01-10T09:45:00+00:00,38.005
405,2019-01-10T10:00:00+00:00,38.04
406,2019-01-10T10:15:00+00:00,38.0475
407,2019-01-10T10:30:00+00:00,38.055
408,2019-01-10T10:45:00+00:00,38.0625
409,2019-01-10T11:00:00+00:00,38.0275
410,2019-01-10T11:15:00+00:00,38.065
411,2019-01-10T11:30:00+00:00,38.035
412,2019-01-10T11:45:00+00:00,38.035
413,2019-01-10T12:00:00+00:00,38.08
414,2019-01-10T12:15:00+00:00,38.03
415,2019-01-10T12:30:00+00:00,38.025
416,2019-01-10T12:45:00+00:00,38.075
417,2019-01-10T13:00:00+00:00,38.09
418,2019-01-10T13:15:00+00:00,38.075
419,2019-01-10T13:30:00+00:00,38.0375
420,2019-01-10T13:45:00+00:00,38.0625
421,2019-01-10T14:00:00+00:00,38.085
422,2019-01-10T14:15:00+00:00,38.115
423,2019-01-10T14:30:00+00:00,38.015
424,2019-01-10T14:45:00+00:00,37.83
425,2019-01-10T15:00:00+00:00,37.9875
426,2019-01-10T15:15:00+00:00,38.0125
427,2019-01-10T15:30:00+00:00,37.995
428,2019-01-10T15:45:00+00:00,38.13
429,2019-01-10T16:00:00+00:00,38.065
430,2019-01-10T16:15:00+00:00,38.05
431,2019-01-10T16:30:00+00:00,38.15
432,2019-01-10T16:45:00+00:00,38.25
433,2019-01-10T17:00:00+00:00,38.21
434,2019-01-10T17:15:00+00:00,38.275
435,2019-01-10T17:30:00+00:00,38.265
436,2019-01-10T17:45:00+00:00,38.36
437,2019-01-10T18:00:00+00:00,38.1325
438,2019-01-10T18:15:00+00:00,38.205
439,2019-01-10T18:30:00+00:00,38.1275
440,2019-01-10T18:45:00+00:00,38.1875
441,2019-01-10T19:00:00+00:00,38.33
442,2019-01-10T19:15:00+00:00,38.2675
443,2019-01-10T19:30:00+00:00,38.2925
444,2019-01-10T19:45:00+00:00,38.2975
445,2019-01-10T20:00:00+00:00,38.3175
446,2019-01-10T20:15:00+00:00,38.3875
447,2019-01-10T20:30:00+00:00,38.465
448,2019-01-10T20:45:00+00:00,38.45
449,2019-01-10T21:00:00+00:00,38.4625
450,2019-01-10T21:15:00+00:00,38.4425
451,2019-01-10T21:30:00+00:00,38.45
452,2019-01-10T21:45:00+00:00,38.46
453,2019-01-10T22:00:00+00:00,38.4575
454,2019-01-10T22:15:00+00:00,38.45
455,2019-01-10T22:30:00+00:00,38.45
456,2019-01-10T22:45:00+00:00,38.45
457,2019-01-10T23:00:00+00:00,38.425
458,2019-01-10T23:15:00+00:00,38.4
459,2019-01-11T07:00:00+00:00,38.57
460,2019-01-11T07:15:00+00:00,38.5425
461,2019-01-11T07:30:00+00:00,38.5125
462,2019-01-11T07:45:00+00:00,38.525
463,2019-01-11T08:00:00+00:00,38.515
464,2019-01-11T08:15:00+00:00,38.5275
465,2019-01-11T08:30:00+00:00,38.6025
466,2019-01-11T08:45:00+00:00,38.6075
467,2019-01-11T09:00:00+00:00,38.5875
468,2019-01-11T09:15:00+00:00,38.575
469,2019-01-11T09:30:00+00:00,38.6025
470,2019-01-11T09:45:00+00:00,38.6525
471,2019-01-11T10:00:00+00:00,38.59
472,2019-01-11T10:15:00+00:00,38.55
473,2019-01-11T10:30:00+00:00,38.5
474,2019-01-11T10:45:00+00:00,38.545
475,2019-01-11T11:00:00+00:00,38.5425
476,2019-01-11T11:15:00+00:00,38.53
477,2019-01-11T11:30:00+00:00,38.55
478,2019-01-11T11:45:00+00:00,38.52
479,2019-01-11T12:00:00+00:00,38.56
480,2019-01-11T12:15:00+00:00,38.505
481,2019-01-11T12:30:00+00:00,38.47
482,2019-01-11T12:45:00+00:00,38.3725
483,2019-01-11T13:00:00+00:00,38.325
484,2019-01-11T13:15:00+00:00,38.235
485,2019-01-11T13:30:00+00:00,38.2225
486,2019-01-11T13:45:00+00:00,38.2375
487,2019-01-11T14:00:00+00:00,38.2675
488,2019-01-11T14:15:00+00:00,38.1875
489,2019-01-11T14:30:00+00:00,38.25
490,2019-01-11T14:45:00+00:00,38.2775
491,2019-01-11T15:00:00+00:00,38.3175
492,2019-01-11T15:15:00+00:00,38.0525
493,2019-01-11T15:30:00+00:00,38.1925
494,2019-01-11T15:45:00+00:00,38.21
495,2019-01-11T16:00:00+00:00,38.0225
496,2019-01-11T16:15:00+00:00,38.0025
497,2019-01-11T16:30:00+00:00,38.06
498,2019-01-11T16:45:00+00:00,38.0925
499,2019-01-11T17:00:00+00:00,38.1475
500,2019-01-11T17:15:00+00:00,38.1175
501,2019-01-11T17:30:00+00:00,38.1275
502,2019-01-11T17:45:00+00:00,38.11
503,2019-01-11T18:00:00+00:00,37.995
504,2019-01-11T18:15:00+00:00,37.9625
505,2019-01-11T18:30:00+00:00,37.9925
506,2019-01-11T18:45:00+00:00,37.9125
507,2019-01-11T19:00:00+00:00,37.9875
508,2019-01-11T19:15:00+00:00,37.9875
509,2019-01-11T19:30:00+00:00,38.025
510,2019-01-11T19:45:00+00:00,38.035
511,2019-01-11T20:00:00+00:00,38.0525
512,2019-01-11T20:15:00+00:00,38.0325
513,2019-01-11T20:30:00+00:00,38.09
514,2019-01-11T20:45:00+00:00,38.075
515,2019-01-11T21:00:00+00:00,38.0625
516,2019-01-11T21:15:00+00:00,38.0675
517,2019-01-11T21:30:00+00:00,38.0625
518,2019-01-11T21:45:00+00:00,38.0675
519,2019-01-11T22:00:00+00:00,38.0625
520,2019-01-11T22:30:00+00:00,38.0625
521,2019-01-11T22:45:00+00:00,38.07
522,2019-01-11T23:00:00+00:00,38.03
523,2019-01-11T23:15:00+00:00,38.0475
524,2019-01-14T07:00:00+00:00,37.855
525,2019-01-14T07:15:00+00:00,37.8
526,2019-01-14T07:30:00+00:00,37.785
527,2019-01-14T07:45:00+00:00,37.8725
528,2019-01-14T08:00:00+00:00,37.8125
529,2019-01-14T08:15:00+00:00,37.9925
530,2019-01-14T08:30:00+00:00,37.8425
531,2019-01-14T08:45:00+00:00,37.855
532,2019-01-14T09:00:00+00:00,37.8
533,2019-01-14T09:15:00+00:00,37.7675
534,2019-01-14T09:30:00+00:00,37.805
535,2019-01-14T09:45:00+00:00,37.74
536,2019-01-14T10:00:00+00:00,37.73
537,2019-01-14T10:15:00+00:00,37.6725
538,2019-01-14T10:30:00+00:00,37.7125
539,2019-01-14T10:45:00+00:00,37.69
540,2019-01-14T11:00:00+00:00,37.6525
541,2019-01-14T11:15:00+00:00,37.6925
542,2019-01-14T11:30:00+00:00,37.69
543,2019-01-14T11:45:00+00:00,37.65
544,2019-01-14T12:00:00+00:00,37.7125
545,2019-01-14T12:15:00+00:00,37.71
546,2019-01-14T12:30:00+00:00,37.7675
547,2019-01-14T12:45:00+00:00,37.7
548,2019-01-14T13:00:00+00:00,37.7125
549,2019-01-14T13:15:00+00:00,37.685
550,2019-01-14T13:30:00+00:00,37.7875
551,2019-01-14T13:45:00+00:00,37.795
552,2019-01-14T14:00:00+00:00,37.8075
553,2019-01-14T14:15:00+00:00,37.7
554,2019-01-14T14:30:00+00:00,37.535
555,2019-01-14T14:45:00+00:00,37.5
556,2019-01-14T15:00:00+00:00,37.5125
557,2019-01-14T15:15:00+00:00,37.5525
558,2019-01-14T15:30:00+00:00,37.5925
559,2019-01-14T15:45:00+00:00,37.515
560,2019-01-14T16:00:00+00:00,37.43
561,2019-01-14T16:15:00+00:00,37.3875
562,2019-01-14T16:30:00+00:00,37.5
563,2019-01-14T16:45:00+00:00,37.445
564,2019-01-14T17:00:00+00:00,37.45
565,2019-01-14T17:15:00+00:00,37.4925
566,2019-01-14T17:30:00+00:00,37.5225
567,2019-01-14T17:45:00+00:00,37.5775
568,2019-01-14T18:00:00+00:00,37.5725
569,2019-01-14T18:15:00+00:00,37.51
570,2019-01-14T18:30:00+00:00,37.5425
571,2019-01-14T18:45:00+00:00,37.51
572,2019-01-14T19:00:00+00:00,37.4675
573,2019-01-14T19:15:00+00:00,37.48
574,2019-01-14T19:30:00+00:00,37.495
575,2019-01-14T19:45:00+00:00,37.5
576,2019-01-14T20:00:00+00:00,37.4775
577,2019-01-14T20:15:00+00:00,37.495
578,2019-01-14T20:30:00+00:00,37.445
579,2019-01-14T20:45:00+00:00,37.4975
580,2019-01-14T21:00:00+00:00,37.4575
581,2019-01-14T21:15:00+00:00,37.4725
582,2019-01-14T21:30:00+00:00,37.4525
583,2019-01-14T21:45:00+00:00,37.4525
584,2019-01-14T22:00:00+00:00,37.4825
585,2019-01-14T22:15:00+00:00,37.4625
586,2019-01-14T22:30:00+00:00,37.46
587,2019-01-14T22:45:00+00:00,37.46
588,2019-01-14T23:00:00+00:00,37.4625
589,2019-01-14T23:15:00+00:00,37.475
590,2019-01-15T07:00:00+00:00,37.805
591,2019-01-15T07:15:00+00:00,37.7925
592,2019-01-15T07:30:00+00:00,37.7625
593,2019-01-15T07:45:00+00:00,37.77
594,2019-01-15T08:00:00+00:00,37.765
595,2019-01-15T08:15:00+00:00,37.755
596,2019-01-15T08:30:00+00:00,37.7825
597,2019-01-15T08:45:00+00:00,37.7375
598,2019-01-15T09:00:00+00:00,37.6975
599,2019-01-15T09:15:00+00:00,37.6925
600,2019-01-15T09:30:00+00:00,37.7175
601,2019-01-15T09:45:00+00:00,37.665
602,2019-01-15T10:00:00+00:00,37.6625
603,2019-01-15T10:15:00+00:00,37.655
604,2019-01-15T10:30:00+00:00,37.6725
605,2019-01-15T10:45:00+00:00,37.7
606,2019-01-15T11:00:00+00:00,37.6975
607,2019-01-15T11:15:00+00:00,37.71
608,2019-01-15T11:30:00+00:00,37.7
609,2019-01-15T11:45:00+00:00,37.595
610,2019-01-15T12:00:00+00:00,37.6
611,2019-01-15T12:15:00+00:00,37.6525
612,2019-01-15T12:30:00+00:00,37.6
613,2019-01-15T12:45:00+00:00,37.6125
614,2019-01-15T13:00:00+00:00,37.6375
615,2019-01-15T13:15:00+00:00,37.5625
616,2019-01-15T13:30:00+00:00,37.565
617,2019-01-15T13:45:00+00:00,37.545
618,2019-01-15T14:00:00+00:00,37.5225
619,2019-01-15T14:15:00+00:00,37.5575
620,2019-01-15T14:30:00+00:00,37.8825
621,2019-01-15T14:45:00+00:00,37.89
622,2019-01-15T15:00:00+00:00,38.065
623,2019-01-15T15:15:00+00:00,37.8975
624,2019-01-15T15:30:00+00:00,37.9975
625,2019-01-15T15:45:00+00:00,37.9725
626,2019-01-15T16:00:00+00:00,37.8575
627,2019-01-15T16:15:00+00:00,37.92
628,2019-01-15T16:30:00+00:00,38.07
629,2019-01-15T16:45:00+00:00,38.135
630,2019-01-15T17:00:00+00:00,38.1525
631,2019-01-15T17:15:00+00:00,38.125
632,2019-01-15T17:30:00+00:00,38.1475
633,2019-01-15T17:45:00+00:00,38.175
634,2019-01-15T18:00:00+00:00,38.1925
635,2019-01-15T18:15:00+00:00,38.195
636,2019-01-15T18:30:00+00:00,38.26
637,2019-01-15T18:45:00+00:00,38.2675
638,2019-01-15T19:00:00+00:00,38.2475
639,2019-01-15T19:15:00+00:00,38.09
640,2019-01-15T19:30:00+00:00,38.08
641,2019-01-15T19:45:00+00:00,38.165
642,2019-01-15T20:00:00+00:00,38.255
643,2019-01-15T20:15:00+00:00,38.2425
644,2019-01-15T20:30:00+00:00,38.2625
645,2019-01-15T20:45:00+00:00,38.2625
646,2019-01-15T21:00:00+00:00,38.2375
647,2019-01-15T21:15:00+00:00,38.2125
648,2019-01-15T21:30:00+00:00,38.245
649,2019-01-15T21:45:00+00:00,38.22
650,2019-01-15T22:00:00+00:00,38.22
651,2019-01-15T22:15:00+00:00,38.25
652,2019-01-15T22:30:00+00:00,38.2625
653,2019-01-15T22:45:00+00:00,38.25
654,2019-01-15T23:00:00+00:00,38.325
655,2019-01-16T07:00:00+00:00,38.45
656,2019-01-16T07:15:00+00:00,38.3725
657,2019-01-16T07:30:00+00:00,38.3375
658,2019-01-16T07:45:00+00:00,38.4225
659,2019-01-16T08:00:00+00:00,38.4075
660,2019-01-16T08:15:00+00:00,38.4725
661,2019-01-16T08:30:00+00:00,38.4125
662,2019-01-16T08:45:00+00:00,38.4
663,2019-01-16T09:00:00+00:00,38.415
664,2019-01-16T09:15:00+00:00,38.335
665,2019-01-16T09:30:00+00:00,38.35
666,2019-01-16T09:45:00+00:00,38.2975
667,2019-01-16T10:00:00+00:00,38.2975
668,2019-01-16T10:15:00+00:00,38.35
669,2019-01-16T10:30:00+00:00,38.2675
670,2019-01-16T10:45:00+00:00,38.2525
671,2019-01-16T11:00:00+00:00,38.2375
672,2019-01-16T11:15:00+00:00,38.235
673,2019-01-16T11:30:00+00:00,38.2325
674,2019-01-16T11:45:00+00:00,38.255
675,2019-01-16T12:00:00+00:00,38.2525
676,2019-01-16T12:15:00+00:00,38.2475
677,2019-01-16T12:30:00+00:00,38.325
678,2019-01-16T12:45:00+00:00,38.3275
679,2019-01-16T13:00:00+00:00,38.3
680,2019-01-16T13:15:00+00:00,38.2775
681,2019-01-16T13:30:00+00:00,38.2925
682,2019-01-16T13:45:00+00:00,38.24
683,2019-01-16T14:00:00+00:00,38.2475
684,2019-01-16T14:15:00+00:00,38.2475
685,2019-01-16T14:30:00+00:00,38.7625
686,2019-01-16T14:45:00+00:00,38.8075
687,2019-01-16T15:00:00+00:00,38.8075
688,2019-01-16T15:15:00+00:00,38.68
689,2019-01-16T15:30:00+00:00,38.64
690,2019-01-16T15:45:00+00:00,38.73
691,2019-01-16T16:00:00+00:00,38.79
692,2019-01-16T16:15:00+00:00,38.76
693,2019-01-16T16:30:00+00:00,38.77
694,2019-01-16T16:45:00+00:00,38.69
695,2019-01-16T17:00:00+00:00,38.7075
696,2019-01-16T17:15:00+00:00,38.67
697,2019-01-16T17:30:00+00:00,38.73
698,2019-01-16T17:45:00+00:00,38.7775
699,2019-01-16T18:00:00+00:00,38.7075
700,2019-01-16T18:15:00+00:00,38.745
701,2019-01-16T18:30:00+00:00,38.7825
702,2019-01-16T18:45:00+00:00,38.815
703,2019-01-16T19:00:00+00:00,38.755
704,2019-01-16T19:15:00+00:00,38.795
705,2019-01-16T19:30:00+00:00,38.8075
706,2019-01-16T19:45:00+00:00,38.7925
707,2019-01-16T20:00:00+00:00,38.7775
708,2019-01-16T20:15:00+00:00,38.8075
709,2019-01-16T20:30:00+00:00,38.6875
710,2019-01-16T20:45:00+00:00,38.73
711,2019-01-16T21:00:00+00:00,38.655
712,2019-01-16T21:15:00+00:00,38.65
713,2019-01-16T21:30:00+00:00,38.555
714,2019-01-16T21:45:00+00:00,38.6675
715,2019-01-16T22:00:00+00:00,38.655
716,2019-01-16T22:15:00+00:00,38.6475
717,2019-01-16T22:30:00+00:00,38.6825
718,2019-01-16T22:45:00+00:00,38.695
719,2019-01-16T23:00:00+00:00,38.66
720,2019-01-17T07:00:00+00:00,38.5375
721,2019-01-17T07:15:00+00:00,38.5
722,2019-01-17T07:30:00+00:00,38.5775
723,2019-01-17T07:45:00+00:00,38.53
724,2019-01-17T08:00:00+00:00,38.4925
725,2019-01-17T08:15:00+00:00,38.38
726,2019-01-17T08:30:00+00:00,38.5325
727,2019-01-17T08:45:00+00:00,38.5
728,2019-01-17T09:00:00+00:00,38.465
729,2019-01-17T09:15:00+00:00,38.465
730,2019-01-17T09:30:00+00:00,38.45
731,2019-01-17T09:45:00+00:00,38.4
732,2019-01-17T10:00:00+00:00,38.425
733,2019-01-17T10:15:00+00:00,38.425
734,2019-01-17T10:30:00+00:00,38.4325
735,2019-01-17T10:45:00+00:00,38.425
736,2019-01-17T11:00:00+00:00,38.4225
737,2019-01-17T11:15:00+00:00,38.45
738,2019-01-17T11:30:00+00:00,38.4775
739,2019-01-17T11:45:00+00:00,38.45
740,2019-01-17T12:00:00+00:00,38.4875
741,2019-01-17T12:15:00+00:00,38.46
742,2019-01-17T12:30:00+00:00,38.5
743,2019-01-17T12:45:00+00:00,38.4875
744,2019-01-17T13:00:00+00:00,38.5325
745,2019-01-17T13:15:00+00:00,38.515
746,2019-01-17T13:30:00+00:00,38.5625
747,2019-01-17T13:45:00+00:00,38.5475
748,2019-01-17T14:00:00+00:00,38.585
749,2019-01-17T14:15:00+00:00,38.56
750,2019-01-17T14:30:00+00:00,38.42
751,2019-01-17T14:45:00+00:00,38.4325
752,2019-01-17T15:00:00+00:00,38.47
753,2019-01-17T15:15:00+00:00,38.48
754,2019-01-17T15:30:00+00:00,38.445
755,2019-01-17T15:45:00+00:00,38.47
756,2019-01-17T16:00:00+00:00,38.49
757,2019-01-17T16:15:00+00:00,38.4675
758,2019-01-17T16:30:00+00:00,38.63
759,2019-01-17T16:45:00+00:00,38.535
760,2019-01-17T17:00:00+00:00,38.5575
761,2019-01-17T17:15:00+00:00,38.565
762,2019-01-17T17:30:00+00:00,38.5675
763,2019-01-17T17:45:00+00:00,38.5675
764,2019-01-17T18:00:00+00:00,38.615
765,2019-01-17T18:15:00+00:00,38.665
766,2019-01-17T18:30:00+00:00,38.6875
767,2019-01-17T18:45:00+00:00,38.6575
768,2019-01-17T19:00:00+00:00,38.6525
769,2019-01-17T19:15:00+00:00,38.5925
770,2019-01-17T19:30:00+00:00,39.0175
771,2019-01-17T19:45:00+00:00,38.945
772,2019-01-17T20:00:00+00:00,38.855
773,2019-01-17T20:15:00+00:00,38.9325
774,2019-01-17T20:30:00+00:00,38.8675
775,2019-01-17T20:45:00+00:00,38.965
776,2019-01-17T21:00:00+00:00,38.8475
777,2019-01-17T21:15:00+00:00,38.8625
778,2019-01-17T21:30:00+00:00,38.925
779,2019-01-17T21:45:00+00:00,38.9575
780,2019-01-17T22:00:00+00:00,38.945
781,2019-01-17T22:15:00+00:00,38.9
782,2019-01-17T22:30:00+00:00,38.915
783,2019-01-17T22:45:00+00:00,38.9625
784,2019-01-17T23:00:00+00:00,38.9475
785,2019-01-17T23:15:00+00:00,38.925
786,2019-01-18T07:00:00+00:00,39.0325
787,2019-01-18T07:15:00+00:00,39.1175
788,2019-01-18T07:30:00+00:00,39.115
789,2019-01-18T07:45:00+00:00,39.1075
790,2019-01-18T08:00:00+00:00,39.09
791,2019-01-18T08:15:00+00:00,39.1
792,2019-01-18T08:30:00+00:00,39.215
793,2019-01-18T08:45:00+00:00,39.2225
794,2019-01-18T09:00:00+00:00,39.215
795,2019-01-18T09:15:00+00:00,39.1825
796,2019-01-18T09:30:00+00:00,39.2125
797,2019-01-18T09:45:00+00:00,39.2125
798,2019-01-18T10:00:00+00:00,39.1875
799,2019-01-18T10:15:00+00:00,39.0325
800,2019-01-18T10:30:00+00:00,39.0375
801,2019-01-18T10:45:00+00:00,39.0475
802,2019-01-18T11:00:00+00:00,39.1
803,2019-01-18T11:15:00+00:00,39.1325
804,2019-01-18T11:30:00+00:00,39.1375
805,2019-01-18T11:45:00+00:00,39.1875
806,2019-01-18T12:00:00+00:00,39.2225
807,2019-01-18T12:15:00+00:00,39.225
808,2019-01-18T12:30:00+00:00,39.2225
809,2019-01-18T12:45:00+00:00,39.18
810,2019-01-18T13:00:00+00:00,39.1875
811,2019-01-18T13:15:00+00:00,39.225
812,2019-01-18T13:30:00+00:00,39.285
813,2019-01-18T13:45:00+00:00,39.27
814,2019-01-18T14:00:00+00:00,39.2575
815,2019-01-18T14:15:00+00:00,39.38
816,2019-01-18T14:30:00+00:00,39.18
817,2019-01-18T14:45:00+00:00,39.1375
818,2019-01-18T15:00:00+00:00,39.3425
819,2019-01-18T15:15:00+00:00,39.26
820,2019-01-18T15:30:00+00:00,39.3125
821,2019-01-18T15:45:00+00:00,39.2525
822,2019-01-18T16:00:00+00:00,39.24
823,2019-01-18T16:15:00+00:00,39.285
824,2019-01-18T16:30:00+00:00,39.26
825,2019-01-18T16:45:00+00:00,39.325
826,2019-01-18T17:00:00+00:00,39.265
827,2019-01-18T17:15:00+00:00,39.27
828,2019-01-18T17:30:00+00:00,39.345
829,2019-01-18T17:45:00+00:00,39.36
830,2019-01-18T18:00:00+00:00,39.28
831,2019-01-18T18:15:00+00:00,39.3175
832,2019-01-18T18:30:00+00:00,39.3275
833,2019-01-18T18:45:00+00:00,39.355
834,2019-01-18T19:00:00+00:00,39.2725
835,2019-01-18T19:15:00+00:00,39.1875
836,2019-01-18T19:30:00+00:00,39.105
837,2019-01-18T19:45:00+00:00,39.1725
838,2019-01-18T20:00:00+00:00,39.145
839,2019-01-18T20:15:00+00:00,39.0675
840,2019-01-18T20:30:00+00:00,39.085
841,2019-01-18T20:45:00+00:00,39.205
842,2019-01-18T21:00:00+00:00,39.1475
843,2019-01-18T21:15:00+00:00,39.125
844,2019-01-18T21:30:00+00:00,39.13
845,2019-01-18T21:45:00+00:00,39.14
846,2019-01-18T22:00:00+00:00,39.1575
847,2019-01-18T22:15:00+00:00,39.1475
848,2019-01-18T22:30:00+00:00,39.1275
849,2019-01-18T22:45:00+00:00,39.15
850,2019-01-18T23:00:00+00:00,39.17
851,2019-01-18T23:15:00+00:00,39.15
852,2019-01-22T07:00:00+00:00,39.03
853,2019-01-22T07:15:00+00:00,39.0375
854,2019-01-22T07:30:00+00:00,39.0225
855,2019-01-22T07:45:00+00:00,39.03
856,2019-01-22T08:00:00+00:00,39.0425
857,2019-01-22T08:15:00+00:00,39.045
858,2019-01-22T08:30:00+00:00,39.045
859,2019-01-22T08:45:00+00:00,39.0375
860,2019-01-22T09:00:00+00:00,38.9475
861,2019-01-22T09:15:00+00:00,38.9825
862,2019-01-22T09:30:00+00:00,38.9375
863,2019-01-22T09:45:00+00:00,38.965
864,2019-01-22T10:00:00+00:00,38.93
865,2019-01-22T10:15:00+00:00,38.9075
866,2019-01-22T10:30:00+00:00,38.89
867,2019-01-22T10:45:00+00:00,38.83
868,2019-01-22T11:00:00+00:00,38.815
869,2019-01-22T11:15:00+00:00,38.815
870,2019-01-22T11:30:00+00:00,38.8475
871,2019-01-22T11:45:00+00:00,38.8575
872,2019-01-22T12:00:00+00:00,38.87
873,2019-01-22T12:15:00+00:00,38.95
874,2019-01-22T12:30:00+00:00,38.95
875,2019-01-22T12:45:00+00:00,38.8975
876,2019-01-22T13:00:00+00:00,38.975
877,2019-01-22T13:15:00+00:00,38.965
878,2019-01-22T13:30:00+00:00,38.99
879,2019-01-22T13:45:00+00:00,38.99
880,2019-01-22T14:00:00+00:00,39.0
881,2019-01-22T14:15:00+00:00,39.135
882,2019-01-22T14:30:00+00:00,38.8925
883,2019-01-22T14:45:00+00:00,38.855
884,2019-01-22T15:00:00+00:00,38.805
885,2019-01-22T15:15:00+00:00,38.79
886,2019-01-22T15:30:00+00:00,38.795
887,2019-01-22T15:45:00+00:00,38.7975
888,2019-01-22T16:00:00+00:00,38.8775
889,2019-01-22T16:15:00+00:00,38.8
890,2019-01-22T16:30:00+00:00,38.7225
891,2019-01-22T16:45:00+00:00,38.645
892,2019-01-22T17:00:00+00:00,38.7425
893,2019-01-22T17:15:00+00:00,38.7225
894,2019-01-22T17:30:00+00:00,38.815
895,2019-01-22T17:45:00+00:00,38.69
896,2019-01-22T18:00:00+00:00,38.5725
897,2019-01-22T18:15:00+00:00,38.5725
898,2019-01-22T18:30:00+00:00,38.5775
899,2019-01-22T18:45:00+00:00,38.5825
900,2019-01-22T19:00:00+00:00,38.4825
901,2019-01-22T19:15:00+00:00,38.4175
902,2019-01-22T19:30:00+00:00,38.3475
903,2019-01-22T19:45:00+00:00,38.3
904,2019-01-22T20:00:00+00:00,38.21
905,2019-01-22T20:15:00+00:00,38.3425
906,2019-01-22T20:30:00+00:00,38.4025
907,2019-01-22T20:45:00+00:00,38.4225
908,2019-01-22T21:00:00+00:00,38.3075
909,2019-01-22T21:15:00+00:00,38.35
910,2019-01-22T21:30:00+00:00,38.3275
911,2019-01-22T21:45:00+00:00,38.3125
912,2019-01-22T22:00:00+00:00,38.35
913,2019-01-22T22:15:00+00:00,38.35
914,2019-01-22T22:30:00+00:00,38.36
915,2019-01-22T22:45:00+00:00,38.3375
916,2019-01-22T23:00:00+00:00,38.3125
917,2019-01-22T23:15:00+00:00,38.2875
918,2019-01-23T07:00:00+00:00,38.355
919,2019-01-23T07:15:00+00:00,38.41
920,2019-01-23T07:30:00+00:00,38.4075
921,2019-01-23T07:45:00+00:00,38.41
922,2019-01-23T08:00:00+00:00,38.25
923,2019-01-23T08:15:00+00:00,38.275
924,2019-01-23T08:30:00+00:00,38.3125
925,2019-01-23T08:45:00+00:00,38.2625
926,2019-01-23T09:00:00+00:00,38.33
927,2019-01-23T09:15:00+00:00,38.375
928,2019-01-23T09:30:00+00:00,38.375
929,2019-01-23T09:45:00+00:00,38.4725
930,2019-01-23T10:00:00+00:00,38.435
931,2019-01-23T10:15:00+00:00,38.4725
932,2019-01-23T10:30:00+00:00,38.455
933,2019-01-23T10:45:00+00:00,38.4625
934,2019-01-23T11:00:00+00:00,38.45
935,2019-01-23T11:15:00+00:00,38.39
936,2019-01-23T11:30:00+00:00,38.4
937,2019-01-23T11:45:00+00:00,38.4775
938,2019-01-23T12:00:00+00:00,38.565
939,2019-01-23T12:15:00+00:00,38.575
940,2019-01-23T12:30:00+00:00,38.5775
941,2019-01-23T12:45:00+00:00,38.5225
942,2019-01-23T13:00:00+00:00,38.5175
943,2019-01-23T13:15:00+00:00,38.54
944,2019-01-23T13:30:00+00:00,38.485
945,2019-01-23T13:45:00+00:00,38.525
946,2019-01-23T14:00:00+00:00,38.58
947,2019-01-23T14:15:00+00:00,38.53
948,2019-01-23T14:30:00+00:00,38.655
949,2019-01-23T14:45:00+00:00,38.6525
950,2019-01-23T15:00:00+00:00,38.65
951,2019-01-23T15:15:00+00:00,38.4575
952,2019-01-23T15:30:00+00:00,38.45
953,2019-01-23T15:45:00+00:00,38.4175
954,2019-01-23T16:00:00+00:00,38.3025
955,2019-01-23T16:15:00+00:00,38.225
956,2019-01-23T16:30:00+00:00,38.1825
957,2019-01-23T16:45:00+00:00,38.0625
958,2019-01-23T17:00:00+00:00,37.99
959,2019-01-23T17:15:00+00:00,38.065
960,2019-01-23T17:30:00+00:00,38.1025
961,2019-01-23T17:45:00+00:00,38.165
962,2019-01-23T18:00:00+00:00,38.085
963,2019-01-23T18:15:00+00:00,38.2075
964,2019-01-23T18:30:00+00:00,38.265
965,2019-01-23T18:45:00+00:00,38.31
966,2019-01-23T19:00:00+00:00,38.275
967,2019-01-23T19:15:00+00:00,38.3275
968,2019-01-23T19:30:00+00:00,38.22
969,2019-01-23T19:45:00+00:00,38.2775
970,2019-01-23T20:00:00+00:00,38.3125
971,2019-01-23T20:15:00+00:00,38.44
972,2019-01-23T20:30:00+00:00,38.3975
973,2019-01-23T20:45:00+00:00,38.4925
974,2019-01-23T21:00:00+00:00,38.47
975,2019-01-23T21:15:00+00:00,38.4575
976,2019-01-23T21:30:00+00:00,38.485
977,2019-01-23T21:45:00+00:00,38.47
978,2019-01-23T22:00:00+00:00,38.4775
979,2019-01-23T22:15:00+00:00,38.4375
980,2019-01-23T22:30:00+00:00,38.45
981,2019-01-23T23:15:00+00:00,38.48
982,2019-01-24T07:00:00+00:00,38.5275
983,2019-01-24T07:15:00+00:00,38.56
984,2019-01-24T07:30:00+00:00,38.57
985,2019-01-24T07:45:00+00:00,38.56
986,2019-01-24T08:00:00+00:00,38.565
987,2019-01-24T08:15:00+00:00,38.515
988,2019-01-24T08:30:00+00:00,38.5675
989,2019-01-24T08:45:00+00:00,38.5475
990,2019-01-24T09:00:00+00:00,38.525
991,2019-01-24T09:15:00+00:00,38.6525
992,2019-01-24T09:30:00+00:00,38.71
993,2019-01-24T09:45:00+00:00,38.7075
994,2019-01-24T10:00:00+00:00,38.72
995,2019-01-24T10:15:00+00:00,38.715
996,2019-01-24T10:30:00+00:00,38.685
997,2019-01-24T10:45:00+00:00,38.72
998,2019-01-24T11:00:00+00:00,38.765
999,2019-01-24T11:15:00+00:00,38.735
1000,2019-01-24T11:30:00+00:00,38.7275
1001,2019-01-24T11:45:00+00:00,38.6925
1002,2019-01-24T12:00:00+00:00,38.6475
1003,2019-01-24T12:15:00+00:00,38.685
1004,2019-01-24T12:30:00+00:00,38.65
1005,2019-01-24T12:45:00+00:00,38.63
1006,2019-01-24T13:00:00+00:00,38.64
1007,2019-01-24T13:15:00+00:00,38.66
1008,2019-01-24T13:30:00+00:00,38.5625
1009,2019-01-24T13:45:00+00:00,38.4075
1010,2019-01-24T14:00:00+00:00,38.6225
1011,2019-01-24T14:15:00+00:00,38.465
1012,2019-01-24T14:30:00+00:00,38.445
1013,2019-01-24T14:45:00+00:00,38.2625
1014,2019-01-24T15:00:00+00:00,38.2975
1015,2019-01-24T15:15:00+00:00,38.38
1016,2019-01-24T15:30:00+00:00,38.22
1017,2019-01-24T15:45:00+00:00,38.075
1018,2019-01-24T16:00:00+00:00,38.03
1019,2019-01-24T16:15:00+00:00,38.04
1020,2019-01-24T16:30:00+00:00,38.155
1021,2019-01-24T16:45:00+00:00,38.2375
1022,2019-01-24T17:00:00+00:00,38.14
1023,2019-01-24T17:15:00+00:00,38.1625
1024,2019-01-24T17:30:00+00:00,38.0875
1025,2019-01-24T17:45:00+00:00,38.055
1026,2019-01-24T18:00:00+00:00,38.0525
1027,2019-01-24T18:15:00+00:00,38.0675
1028,2019-01-24T18:30:00+00:00,37.9625
1029,2019-01-24T18:45:00+00:00,38.005
1030,2019-01-24T19:00:00+00:00,38.005
1031,2019-01-24T19:15:00+00:00,37.97
1032,2019-01-24T19:30:00+00:00,37.9925
1033,2019-01-24T19:45:00+00:00,38.0575
1034,2019-01-24T20:00:00+00:00,38.0925
1035,2019-01-24T20:15:00+00:00,38.0925
1036,2019-01-24T20:30:00+00:00,38.0375
1037,2019-01-24T20:45:00+00:00,38.175
1038,2019-01-24T21:00:00+00:00,38.0875
1039,2019-01-24T21:15:00+00:00,38.05
1040,2019-01-24T21:30:00+00:00,38.1275
1041,2019-01-24T21:45:00+00:00,38.125
1042,2019-01-24T22:00:00+00:00,38.0875
1043,2019-01-24T22:15:00+00:00,38.0775
1044,2019-01-24T23:00:00+00:00,38.0525
1045,2019-01-24T23:15:00+00:00,38.075
1046,2019-01-25T07:00:00+00:00,38.3975
1047,2019-01-25T07:15:00+00:00,38.39
1048,2019-01-25T07:30:00+00:00,38.3825
1049,2019-01-25T07:45:00+00:00,38.4025
1050,2019-01-25T08:00:00+00:00,38.3925
1051,2019-01-25T08:15:00+00:00,38.45
1052,2019-01-25T08:30:00+00:00,38.495
1053,2019-01-25T08:45:00+00:00,38.5525
1054,2019-01-25T09:00:00+00:00,38.5325
1055,2019-01-25T09:15:00+00:00,38.5025
1056,2019-01-25T09:30:00+00:00,38.5025
1057,2019-01-25T09:45:00+00:00,38.4325
1058,2019-01-25T10:00:00+00:00,38.47
1059,2019-01-25T10:15:00+00:00,38.5
1060,2019-01-25T10:30:00+00:00,38.4975
1061,2019-01-25T10:45:00+00:00,38.5
1062,2019-01-25T11:00:00+00:00,38.46
1063,2019-01-25T11:15:00+00:00,38.4625
1064,2019-01-25T11:30:00+00:00,38.4275
1065,2019-01-25T11:45:00+00:00,38.4625
1066,2019-01-25T12:00:00+00:00,38.425
1067,2019-01-25T12:15:00+00:00,38.45
1068,2019-01-25T12:30:00+00:00,38.4025
1069,2019-01-25T12:45:00+00:00,38.4575
1070,2019-01-25T13:00:00+00:00,38.525
1071,2019-01-25T13:15:00+00:00,38.57
1072,2019-01-25T13:30:00+00:00,38.6025
1073,2019-01-25T13:45:00+00:00,38.7775
1074,2019-01-25T14:00:00+00:00,38.8
1075,2019-01-25T14:15:00+00:00,38.8575
1076,2019-01-25T14:30:00+00:00,38.81
1077,2019-01-25T14:45:00+00:00,39.0825
1078,2019-01-25T15:00:00+00:00,39.2425
1079,2019-01-25T15:15:00+00:00,39.185
1080,2019-01-25T15:30:00+00:00,39.3025
1081,2019-01-25T15:45:00+00:00,39.29
1082,2019-01-25T16:00:00+00:00,39.165
1083,2019-01-25T16:15:00+00:00,39.0925
1084,2019-01-25T16:30:00+00:00,39.2325
1085,2019-01-25T16:45:00+00:00,39.2525
1086,2019-01-25T17:00:00+00:00,39.1675
1087,2019-01-25T17:15:00+00:00,39.235
1088,2019-01-25T17:30:00+00:00,39.255
1089,2019-01-25T17:45:00+00:00,39.215
1090,2019-01-25T18:00:00+00:00,39.2075
1091,2019-01-25T18:15:00+00:00,39.285
1092,2019-01-25T18:30:00+00:00,39.3575
1093,2019-01-25T18:45:00+00:00,39.4075
1094,2019-01-25T19:00:00+00:00,39.445
1095,2019-01-25T19:15:00+00:00,39.365
1096,2019-01-25T19:30:00+00:00,39.4575
1097,2019-01-25T19:45:00+00:00,39.4
1098,2019-01-25T20:00:00+00:00,39.3725
1099,2019-01-25T20:15:00+00:00,39.3875
1100,2019-01-25T20:30:00+00:00,39.3975
1101,2019-01-25T20:45:00+00:00,39.43
1102,2019-01-25T21:00:00+00:00,39.4175
1103,2019-01-25T21:15:00+00:00,39.43
1104,2019-01-25T21:30:00+00:00,39.475
1105,2019-01-25T21:45:00+00:00,39.45
1106,2019-01-25T22:00:00+00:00,39.4375
1107,2019-01-25T22:15:00+00:00,39.445
1108,2019-01-25T22:30:00+00:00,39.4375
1109,2019-01-25T22:45:00+00:00,39.4475
1110,2019-01-25T23:00:00+00:00,39.4475
1111,2019-01-28T07:00:00+00:00,39.37
1112,2019-01-28T07:15:00+00:00,39.445
1113,2019-01-28T07:30:00+00:00,39.3275
1114,2019-01-28T07:45:00+00:00,39.34
1115,2019-01-28T08:00:00+00:00,39.2025
1116,2019-01-28T08:15:00+00:00,39.2025
1117,2019-01-28T08:30:00+00:00,39.23
1118,2019-01-28T08:45:00+00:00,39.2375
1119,2019-01-28T09:00:00+00:00,39.2625
1120,2019-01-28T09:15:00+00:00,39.2875
1121,2019-01-28T09:30:00+00:00,39.2875
1122,2019-01-28T09:45:00+00:00,39.285
1123,2019-01-28T10:00:00+00:00,39.31
1124,2019-01-28T10:15:00+00:00,39.2775
1125,2019-01-28T10:30:00+00:00,39.3175
1126,2019-01-28T10:45:00+00:00,39.3025
1127,2019-01-28T11:00:00+00:00,39.3075
1128,2019-01-28T11:15:00+00:00,39.2775
1129,2019-01-28T11:30:00+00:00,39.2925
1130,2019-01-28T11:45:00+00:00,39.285
1131,2019-01-28T12:00:00+00:00,39.345
1132,2019-01-28T12:15:00+00:00,39.25
1133,2019-01-28T12:30:00+00:00,39.0775
1134,2019-01-28T12:45:00+00:00,39.075
1135,2019-01-28T13:00:00+00:00,39.1075
1136,2019-01-28T13:15:00+00:00,39.0675
1137,2019-01-28T13:30:00+00:00,39.0175
1138,2019-01-28T13:45:00+00:00,39.1
1139,2019-01-28T14:00:00+00:00,38.6475
1140,2019-01-28T14:15:00+00:00,38.91
1141,2019-01-28T14:30:00+00:00,38.71
1142,2019-01-28T14:45:00+00:00,38.645
1143,2019-01-28T15:00:00+00:00,38.785
1144,2019-01-28T15:15:00+00:00,38.8225
1145,2019-01-28T15:30:00+00:00,38.755
1146,2019-01-28T15:45:00+00:00,38.5875
1147,2019-01-28T16:00:00+00:00,38.7425
1148,2019-01-28T16:15:00+00:00,38.7225
1149,2019-01-28T16:30:00+00:00,38.735
1150,2019-01-28T16:45:00+00:00,38.615
1151,2019-01-28T17:00:00+00:00,38.65
1152,2019-01-28T17:15:00+00:00,38.7575
1153,2019-01-28T17:30:00+00:00,38.7375
1154,2019-01-28T17:45:00+00:00,38.71
1155,2019-01-28T18:00:00+00:00,38.8275
1156,2019-01-28T18:15:00+00:00,38.8975
1157,2019-01-28T18:30:00+00:00,38.915
1158,2019-01-28T18:45:00+00:00,38.935
1159,2019-01-28T19:00:00+00:00,38.975
1160,2019-01-28T19:15:00+00:00,38.925
1161,2019-01-28T19:30:00+00:00,38.92
1162,2019-01-28T19:45:00+00:00,39.005
1163,2019-01-28T20:00:00+00:00,38.9925
1164,2019-01-28T20:15:00+00:00,38.985
1165,2019-01-28T20:30:00+00:00,38.95
1166,2019-01-28T20:45:00+00:00,39.075
1167,2019-01-28T21:00:00+00:00,39.025
1168,2019-01-28T21:15:00+00:00,39.0325
1169,2019-01-28T21:30:00+00:00,38.995
1170,2019-01-28T21:45:00+00:00,38.9875
1171,2019-01-28T22:00:00+00:00,38.965
1172,2019-01-28T22:15:00+00:00,38.9925
1173,2019-01-28T22:30:00+00:00,38.985
1174,2019-01-28T22:45:00+00:00,38.9875
1175,2019-01-28T23:00:00+00:00,38.99
1176,2019-01-28T23:15:00+00:00,38.97
1177,2019-01-29T07:00:00+00:00,38.965
1178,2019-01-29T07:15:00+00:00,38.915
1179,2019-01-29T07:30:00+00:00,38.9025
1180,2019-01-29T07:45:00+00:00,38.885
1181,2019-01-29T08:00:00+00:00,38.81
1182,2019-01-29T08:15:00+00:00,38.93
1183,2019-01-29T08:30:00+00:00,39.0025
1184,2019-01-29T08:45:00+00:00,38.98
1185,2019-01-29T09:00:00+00:00,39.0425
1186,2019-01-29T09:30:00+00:00,39.075
1187,2019-01-29T09:45:00+00:00,39.0775
1188,2019-01-29T10:00:00+00:00,39.105
1189,2019-01-29T10:15:00+00:00,39.075
1190,2019-01-29T10:30:00+00:00,39.095
1191,2019-01-29T10:45:00+00:00,39.1125
1192,2019-01-29T11:00:00+00:00,39.0975
1193,2019-01-29T11:15:00+00:00,39.08
1194,2019-01-29T11:30:00+00:00,39.1225
1195,2019-01-29T11:45:00+00:00,39.05
1196,2019-01-29T12:00:00+00:00,39.105
1197,2019-01-29T12:15:00+00:00,39.035
1198,2019-01-29T12:30:00+00:00,39.1
1199,2019-01-29T12:45:00+00:00,39.125
1200,2019-01-29T13:00:00+00:00,39.125
1201,2019-01-29T13:15:00+00:00,39.1575
1202,2019-01-29T13:30:00+00:00,39.1325
1203,2019-01-29T13:45:00+00:00,39.14
1204,2019-01-29T14:00:00+00:00,39.1175
1205,2019-01-29T14:15:00+00:00,39.05
1206,2019-01-29T14:30:00+00:00,39.26
1207,2019-01-29T14:45:00+00:00,39.3325
1208,2019-01-29T15:00:00+00:00,39.2275
1209,2019-01-29T15:15:00+00:00,39.26
1210,2019-01-29T15:30:00+00:00,39.085
1211,2019-01-29T15:45:00+00:00,38.94
1212,2019-01-29T16:00:00+00:00,38.9375
1213,2019-01-29T16:15:00+00:00,38.93
1214,2019-01-29T16:30:00+00:00,39.075
1215,2019-01-29T16:45:00+00:00,39.1025
1216,2019-01-29T17:00:00+00:00,39.085
1217,2019-01-29T17:15:00+00:00,39.145
1218,2019-01-29T17:30:00+00:00,39.19
1219,2019-01-29T17:45:00+00:00,39.1875
1220,2019-01-29T18:00:00+00:00,39.01
1221,2019-01-29T18:15:00+00:00,39.0325
1222,2019-01-29T18:30:00+00:00,39.075
1223,2019-01-29T18:45:00+00:00,39.03
1224,2019-01-29T19:00:00+00:00,38.955
1225,2019-01-29T19:15:00+00:00,38.7775
1226,2019-01-29T19:30:00+00:00,38.8025
1227,2019-01-29T19:45:00+00:00,38.6825
1228,2019-01-29T20:00:00+00:00,38.6475
1229,2019-01-29T20:15:00+00:00,38.58
1230,2019-01-29T20:30:00+00:00,38.6625
1231,2019-01-29T20:45:00+00:00,38.66
1232,2019-01-29T21:00:00+00:00,38.7075
1233,2019-01-29T21:15:00+00:00,38.9475
1234,2019-01-29T21:30:00+00:00,39.765
1235,2019-01-29T21:45:00+00:00,40.15
1236,2019-01-29T22:00:00+00:00,40.775
1237,2019-01-29T22:15:00+00:00,41.07
1238,2019-01-29T22:30:00+00:00,40.7675
1239,2019-01-29T22:45:00+00:00,40.7675
1240,2019-01-29T23:00:00+00:00,40.79
1241,2019-01-29T23:15:00+00:00,40.8625
1242,2019-01-30T07:00:00+00:00,40.385
1243,2019-01-30T07:15:00+00:00,40.4025
1244,2019-01-30T07:30:00+00:00,40.42
1245,2019-01-30T07:45:00+00:00,40.5
1246,2019-01-30T08:00:00+00:00,40.475
1247,2019-01-30T08:15:00+00:00,40.3875
1248,2019-01-30T08:30:00+00:00,40.415
1249,2019-01-30T08:45:00+00:00,40.4175
1250,2019-01-30T09:00:00+00:00,40.5375
1251,2019-01-30T09:15:00+00:00,40.6625
1252,2019-01-30T09:30:00+00:00,40.63
1253,2019-01-30T09:45:00+00:00,40.57
1254,2019-01-30T10:00:00+00:00,40.675
1255,2019-01-30T10:15:00+00:00,40.76
1256,2019-01-30T10:30:00+00:00,40.905
1257,2019-01-30T10:45:00+00:00,40.8175
1258,2019-01-30T11:00:00+00:00,40.7825
1259,2019-01-30T11:15:00+00:00,40.755
1260,2019-01-30T11:30:00+00:00,40.795
1261,2019-01-30T11:45:00+00:00,40.7525
1262,2019-01-30T12:00:00+00:00,40.75
1263,2019-01-30T12:15:00+00:00,40.6825
1264,2019-01-30T12:30:00+00:00,40.695
1265,2019-01-30T12:45:00+00:00,40.675
1266,2019-01-30T13:00:00+00:00,40.4625
1267,2019-01-30T13:15:00+00:00,40.4025
1268,2019-01-30T13:30:00+00:00,40.4975
1269,2019-01-30T13:45:00+00:00,40.5025
1270,2019-01-30T14:00:00+00:00,40.775
1271,2019-01-30T14:15:00+00:00,40.8175
1272,2019-01-30T14:30:00+00:00,40.3575
1273,2019-01-30T14:45:00+00:00,40.19
1274,2019-01-30T15:00:00+00:00,40.39
1275,2019-01-30T15:15:00+00:00,40.5275
1276,2019-01-30T15:30:00+00:00,40.505
1277,2019-01-30T15:45:00+00:00,40.635
1278,2019-01-30T16:00:00+00:00,40.645
1279,2019-01-30T16:15:00+00:00,40.665
1280,2019-01-30T16:30:00+00:00,40.58
1281,2019-01-30T16:45:00+00:00,40.575
1282,2019-01-30T17:00:00+00:00,40.56
1283,2019-01-30T17:15:00+00:00,40.58
1284,2019-01-30T17:30:00+00:00,40.68
1285,2019-01-30T17:45:00+00:00,40.715
1286,2019-01-30T18:00:00+00:00,40.715
1287,2019-01-30T18:15:00+00:00,40.7375
1288,2019-01-30T18:30:00+00:00,40.75
1289,2019-01-30T18:45:00+00:00,40.7575
1290,2019-01-30T19:00:00+00:00,41.2175
1291,2019-01-30T19:15:00+00:00,41.215
1292,2019-01-30T19:30:00+00:00,41.18
1293,2019-01-30T19:45:00+00:00,41.5175
1294,2019-01-30T20:00:00+00:00,41.355
1295,2019-01-30T20:15:00+00:00,41.395
1296,2019-01-30T20:30:00+00:00,41.2475
1297,2019-01-30T20:45:00+00:00,41.31
1298,2019-01-30T21:00:00+00:00,41.375
1299,2019-01-30T21:15:00+00:00,41.375
1300,2019-01-30T21:30:00+00:00,41.4225
1301,2019-01-30T21:45:00+00:00,41.445
1302,2019-01-30T22:00:00+00:00,41.42
1303,2019-01-30T22:15:00+00:00,41.395
1304,2019-01-30T22:30:00+00:00,41.35
1305,2019-01-30T22:45:00+00:00,41.345
1306,2019-01-30T23:00:00+00:00,41.365
1307,2019-01-30T23:15:00+00:00,41.425
1308,2019-01-31T07:00:00+00:00,41.4975
1309,2019-01-31T07:15:00+00:00,41.5
1310,2019-01-31T07:30:00+00:00,41.5125
1311,2019-01-31T07:45:00+00:00,41.4625
1312,2019-01-31T08:00:00+00:00,41.625
1313,2019-01-31T08:15:00+00:00,41.66
1314,2019-01-31T08:30:00+00:00,41.725
1315,2019-01-31T08:45:00+00:00,41.7075
1316,2019-01-31T09:00:00+00:00,41.5625
1317,2019-01-31T09:15:00+00:00,41.5775
1318,2019-01-31T09:30:00+00:00,41.63
1319,2019-01-31T09:45:00+00:00,41.6675
1320,2019-01-31T10:00:00+00:00,41.5625
1321,2019-01-31T10:15:00+00:00,41.5075
1322,2019-01-31T10:30:00+00:00,41.705
1323,2019-01-31T10:45:00+00:00,41.56
1324,2019-01-31T11:00:00+00:00,41.5025
1325,2019-01-31T11:15:00+00:00,41.5675
1326,2019-01-31T11:30:00+00:00,41.61
1327,2019-01-31T11:45:00+00:00,41.615
1328,2019-01-31T12:00:00+00:00,41.4925
1329,2019-01-31T12:15:00+00:00,41.65
1330,2019-01-31T12:30:00+00:00,41.6475
1331,2019-01-31T12:45:00+00:00,41.65
1332,2019-01-31T13:00:00+00:00,41.655
1333,2019-01-31T13:15:00+00:00,41.5975
1334,2019-01-31T13:30:00+00:00,41.575
1335,2019-01-31T13:45:00+00:00,41.57
1336,2019-01-31T14:00:00+00:00,41.515
1337,2019-01-31T14:15:00+00:00,41.5275
1338,2019-01-31T14:30:00+00:00,41.215
1339,2019-01-31T14:45:00+00:00,41.6375
1340,2019-01-31T15:00:00+00:00,41.8125
1341,2019-01-31T15:15:00+00:00,42.0
1342,2019-01-31T15:30:00+00:00,42.1325
1343,2019-01-31T15:45:00+00:00,42.07
1344,2019-01-31T16:00:00+00:00,42.0175
1345,2019-01-31T16:15:00+00:00,42.0025
1346,2019-01-31T16:30:00+00:00,42.1375
1347,2019-01-31T16:45:00+00:00,42.2225
1348,2019-01-31T17:00:00+00:00,42.0875
1349,2019-01-31T17:15:00+00:00,42.0475
1350,2019-01-31T17:30:00+00:00,41.89
1351,2019-01-31T17:45:00+00:00,41.9425
1352,2019-01-31T18:00:00+00:00,41.8825
1353,2019-01-31T18:15:00+00:00,41.775
1354,2019-01-31T18:30:00+00:00,41.7575
1355,2019-01-31T18:45:00+00:00,41.8575
1356,2019-01-31T19:00:00+00:00,41.855
1357,2019-01-31T19:15:00+00:00,41.755
1358,2019-01-31T19:30:00+00:00,41.69
1359,2019-01-31T19:45:00+00:00,41.6825
1360,2019-01-31T20:00:00+00:00,41.605
1361,2019-01-31T20:15:00+00:00,41.715
1362,2019-01-31T20:30:00+00:00,41.59
1363,2019-01-31T20:45:00+00:00,41.565
1364,2019-01-31T21:00:00+00:00,41.6625
1365,2019-01-31T21:15:00+00:00,41.575
1366,2019-01-31T21:30:00+00:00,41.6875
1367,2019-01-31T21:45:00+00:00,41.7175
1368,2019-01-31T22:00:00+00:00,41.695
1369,2019-01-31T22:15:00+00:00,41.6875
1370,2019-01-31T22:30:00+00:00,41.685
1371,2019-01-31T22:45:00+00:00,41.66
1372,2019-01-31T23:00:00+00:00,41.64
1373,2019-02-01T07:00:00+00:00,41.7175
1374,2019-02-01T07:15:00+00:00,41.7525
1375,2019-02-01T07:30:00+00:00,41.8
1376,2019-02-01T07:45:00+00:00,41.8575
1377,2019-02-01T08:00:00+00:00,41.8325
1378,2019-02-01T08:15:00+00:00,41.7975
1379,2019-02-01T08:30:00+00:00,41.9725
1380,2019-02-01T08:45:00+00:00,41.805
1381,2019-02-01T09:00:00+00:00,41.745
1382,2019-02-01T09:15:00+00:00,41.725
1383,2019-02-01T09:30:00+00:00,41.7125
1384,2019-02-01T09:45:00+00:00,41.7
1385,2019-02-01T10:00:00+00:00,41.72
1386,2019-02-01T10:15:00+00:00,41.7725
1387,2019-02-01T10:30:00+00:00,41.7
1388,2019-02-01T10:45:00+00:00,41.81
1389,2019-02-01T11:00:00+00:00,41.73
1390,2019-02-01T11:15:00+00:00,41.7225
1391,2019-02-01T11:30:00+00:00,41.625
1392,2019-02-01T11:45:00+00:00,41.7025
1393,2019-02-01T12:00:00+00:00,41.66
1394,2019-02-01T12:15:00+00:00,41.65
1395,2019-02-01T12:30:00+00:00,41.6325
1396,2019-02-01T12:45:00+00:00,41.6325
1397,2019-02-01T13:00:00+00:00,41.565
1398,2019-02-01T13:15:00+00:00,41.6075
1399,2019-02-01T13:30:00+00:00,41.7875
1400,2019-02-01T13:45:00+00:00,41.7775
1401,2019-02-01T14:00:00+00:00,41.81
1402,2019-02-01T14:15:00+00:00,41.735
1403,2019-02-01T14:30:00+00:00,41.9625
1404,2019-02-01T14:45:00+00:00,41.775
1405,2019-02-01T15:00:00+00:00,42.105
1406,2019-02-01T15:15:00+00:00,42.1425
1407,2019-02-01T15:30:00+00:00,42.1475
1408,2019-02-01T15:45:00+00:00,42.0125
1409,2019-02-01T16:00:00+00:00,42.01
1410,2019-02-01T16:15:00+00:00,41.91
1411,2019-02-01T16:30:00+00:00,41.9975
1412,2019-02-01T16:45:00+00:00,41.9725
1413,2019-02-01T17:00:00+00:00,41.85
1414,2019-02-01T17:15:00+00:00,41.795
1415,2019-02-01T17:30:00+00:00,41.78
1416,2019-02-01T17:45:00+00:00,41.7975
1417,2019-02-01T18:00:00+00:00,41.7625
1418,2019-02-01T18:15:00+00:00,41.6825
1419,2019-02-01T18:30:00+00:00,41.695
1420,2019-02-01T18:45:00+00:00,41.7575
1421,2019-02-01T19:00:00+00:00,41.615
1422,2019-02-01T19:15:00+00:00,41.5375
1423,2019-02-01T19:30:00+00:00,41.545
1424,2019-02-01T19:45:00+00:00,41.535
1425,2019-02-01T20:00:00+00:00,41.55
1426,2019-02-01T20:15:00+00:00,41.6
1427,2019-02-01T20:30:00+00:00,41.6575
1428,2019-02-01T20:45:00+00:00,41.6325
1429,2019-02-01T21:00:00+00:00,41.675
1430,2019-02-01T21:15:00+00:00,41.655
1431,2019-02-01T21:30:00+00:00,41.655
1432,2019-02-01T21:45:00+00:00,41.6625
1433,2019-02-01T22:00:00+00:00,41.655
1434,2019-02-01T22:15:00+00:00,41.655
1435,2019-02-01T22:30:00+00:00,41.6625
1436,2019-02-01T22:45:00+00:00,41.655
1437,2019-02-01T23:00:00+00:00,41.6525
1438,2019-02-01T23:15:00+00:00,41.65
1439,2019-02-04T07:00:00+00:00,41.69
1440,2019-02-04T07:15:00+00:00,41.75
1441,2019-02-04T07:30:00+00:00,41.71
1442,2019-02-04T07:45:00+00:00,41.725
1443,2019-02-04T08:00:00+00:00,41.6875
1444,2019-02-04T08:15:00+00:00,41.69
1445,2019-02-04T08:30:00+00:00,41.6525
1446,2019-02-04T08:45:00+00:00,41.665
1447,2019-02-04T09:00:00+00:00,41.6925
1448,2019-02-04T09:15:00+00:00,41.6525
1449,2019-02-04T09:30:00+00:00,41.7075
1450,2019-02-04T09:45:00+00:00,41.7475
1451,2019-02-04T10:00:00+00:00,41.7725
1452,2019-02-04T10:15:00+00:00,41.81
1453,2019-02-04T10:30:00+00:00,41.81
1454,2019-02-04T10:45:00+00:00,41.8
1455,2019-02-04T11:00:00+00:00,41.775
1456,2019-02-04T11:15:00+00:00,41.7975
1457,2019-02-04T11:30:00+00:00,41.6275
1458,2019-02-04T11:45:00+00:00,41.78
1459,2019-02-04T12:00:00+00:00,41.7925
1460,2019-02-04T12:15:00+00:00,41.7275
1461,2019-02-04T12:30:00+00:00,41.775
1462,2019-02-04T12:45:00+00:00,41.77
1463,2019-02-04T13:00:00+00:00,41.7625
1464,2019-02-04T13:15:00+00:00,41.7625
1465,2019-02-04T13:30:00+00:00,41.695
1466,2019-02-04T13:45:00+00:00,41.83
1467,2019-02-04T14:00:00+00:00,41.8425
1468,2019-02-04T14:15:00+00:00,41.87
1469,2019-02-04T14:30:00+00:00,42.0375
1470,2019-02-04T14:45:00+00:00,42.445
1471,2019-02-04T15:00:00+00:00,42.6025
1472,2019-02-04T15:15:00+00:00,42.5
1473,2019-02-04T15:30:00+00:00,42.51
1474,2019-02-04T15:45:00+00:00,42.5575
1475,2019-02-04T16:00:00+00:00,42.675
1476,2019-02-04T16:15:00+00:00,42.67
1477,2019-02-04T16:30:00+00:00,42.705
1478,2019-02-04T16:45:00+00:00,42.7725
1479,2019-02-04T17:00:00+00:00,42.77
1480,2019-02-04T17:15:00+00:00,42.67
1481,2019-02-04T17:30:00+00:00,42.73
1482,2019-02-04T17:45:00+00:00,42.7175
1483,2019-02-04T18:00:00+00:00,42.77
1484,2019-02-04T18:15:00+00:00,42.7125
1485,2019-02-04T18:30:00+00:00,42.8175
1486,2019-02-04T18:45:00+00:00,42.8625
1487,2019-02-04T19:00:00+00:00,42.8875
1488,2019-02-04T19:15:00+00:00,42.815
1489,2019-02-04T19:30:00+00:00,42.7925
1490,2019-02-04T19:45:00+00:00,42.81
1491,2019-02-04T20:00:00+00:00,42.7825
1492,2019-02-04T20:15:00+00:00,42.7575
1493,2019-02-04T20:30:00+00:00,42.7275
1494,2019-02-04T20:45:00+00:00,42.8175
1495,2019-02-04T21:00:00+00:00,42.7175
1496,2019-02-04T21:15:00+00:00,42.7525
1497,2019-02-04T21:30:00+00:00,42.785
1498,2019-02-04T21:45:00+00:00,42.795
1499,2019-02-04T22:00:00+00:00,42.7625
1500,2019-02-04T22:15:00+00:00,42.7375
1501,2019-02-04T22:30:00+00:00,42.725
1502,2019-02-04T22:45:00+00:00,42.745
1503,2019-02-04T23:00:00+00:00,42.745
1504,2019-02-04T23:15:00+00:00,42.75
1505,2019-02-05T07:00:00+00:00,41.7775
1506,2019-02-05T07:15:00+00:00,42.7525
1507,2019-02-05T07:30:00+00:00,42.8725
1508,2019-02-05T07:45:00+00:00,42.9775
1509,2019-02-05T08:00:00+00:00,42.985
1510,2019-02-05T08:15:00+00:00,42.99
1511,2019-02-05T08:30:00+00:00,42.9175
1512,2019-02-05T08:45:00+00:00,42.9975
1513,2019-02-05T09:00:00+00:00,42.8325
1514,2019-02-05T09:15:00+00:00,42.8425
1515,2019-02-05T09:30:00+00:00,42.9025
1516,2019-02-05T09:45:00+00:00,42.895
1517,2019-02-05T10:00:00+00:00,42.91
1518,2019-02-05T10:15:00+00:00,42.925
1519,2019-02-05T10:30:00+00:00,43.04
1520,2019-02-05T10:45:00+00:00,42.9275
1521,2019-02-05T11:00:00+00:00,43.07
1522,2019-02-05T11:15:00+00:00,43.11
1523,2019-02-05T11:30:00+00:00,43.05
1524,2019-02-05T11:45:00+00:00,43.0
1525,2019-02-05T12:00:00+00:00,43.1225
1526,2019-02-05T12:15:00+00:00,43.085
1527,2019-02-05T12:30:00+00:00,43.13
1528,2019-02-05T12:45:00+00:00,43.0875
1529,2019-02-05T13:00:00+00:00,43.125
1530,2019-02-05T13:15:00+00:00,43.1
1531,2019-02-05T13:30:00+00:00,43.1375
1532,2019-02-05T13:45:00+00:00,43.225
1533,2019-02-05T14:00:00+00:00,43.195
1534,2019-02-05T14:15:00+00:00,43.215
1535,2019-02-05T14:30:00+00:00,43.585
1536,2019-02-05T14:45:00+00:00,43.5475
1537,2019-02-05T15:00:00+00:00,43.47
1538,2019-02-05T15:15:00+00:00,43.445
1539,2019-02-05T15:30:00+00:00,43.7
1540,2019-02-05T15:45:00+00:00,43.7025
1541,2019-02-05T16:00:00+00:00,43.6325
1542,2019-02-05T16:15:00+00:00,43.6025
1543,2019-02-05T16:30:00+00:00,43.62
1544,2019-02-05T16:45:00+00:00,43.6025
1545,2019-02-05T17:00:00+00:00,43.5475
1546,2019-02-05T17:15:00+00:00,43.48
1547,2019-02-05T17:30:00+00:00,43.4725
1548,2019-02-05T17:45:00+00:00,43.2925
1549,2019-02-05T18:00:00+00:00,43.2575
1550,2019-02-05T18:15:00+00:00,43.31
1551,2019-02-05T18:30:00+00:00,43.385
1552,2019-02-05T18:45:00+00:00,43.45
1553,2019-02-05T19:00:00+00:00,43.575
1554,2019-02-05T19:15:00+00:00,43.53
1555,2019-02-05T19:30:00+00:00,43.51
1556,2019-02-05T19:45:00+00:00,43.5575
1557,2019-02-05T20:00:00+00:00,43.525
1558,2019-02-05T20:15:00+00:00,43.6125
1559,2019-02-05T20:30:00+00:00,43.51
1560,2019-02-05T20:45:00+00:00,43.525
1561,2019-02-05T21:00:00+00:00,43.5025
1562,2019-02-05T21:15:00+00:00,43.5025
1563,2019-02-05T21:30:00+00:00,43.4875
1564,2019-02-05T21:45:00+00:00,43.5
1565,2019-02-05T22:00:00+00:00,43.52
1566,2019-02-05T22:15:00+00:00,43.505
1567,2019-02-05T22:30:00+00:00,43.5225
1568,2019-02-05T22:45:00+00:00,43.5175
1569,2019-02-05T23:00:00+00:00,43.5175
1570,2019-02-05T23:15:00+00:00,43.5
1571,2019-02-06T07:00:00+00:00,43.62
1572,2019-02-06T07:15:00+00:00,43.565
1573,2019-02-06T07:30:00+00:00,43.5225
1574,2019-02-06T07:45:00+00:00,43.5625
1575,2019-02-06T08:00:00+00:00,43.5625
1576,2019-02-06T08:15:00+00:00,43.6325
1577,2019-02-06T08:30:00+00:00,43.6525
1578,2019-02-06T08:45:00+00:00,43.58
1579,2019-02-06T09:00:00+00:00,43.4975
1580,2019-02-06T09:15:00+00:00,43.47
1581,2019-02-06T09:30:00+00:00,43.44
1582,2019-02-06T09:45:00+00:00,43.4675
1583,2019-02-06T10:00:00+00:00,43.5375
1584,2019-02-06T10:15:00+00:00,43.575
1585,2019-02-06T10:30:00+00:00,43.5725
1586,2019-02-06T10:45:00+00:00,43.56
1587,2019-02-06T11:00:00+00:00,43.605
1588,2019-02-06T11:15:00+00:00,43.5775
1589,2019-02-06T11:30:00+00:00,43.5725
1590,2019-02-06T11:45:00+00:00,43.5975
1591,2019-02-06T12:00:00+00:00,43.5525
1592,2019-02-06T12:15:00+00:00,43.6375
1593,2019-02-06T12:30:00+00:00,43.63
1594,2019-02-06T12:45:00+00:00,43.6475
1595,2019-02-06T13:00:00+00:00,43.6875
1596,2019-02-06T13:15:00+00:00,43.6875
1597,2019-02-06T13:30:00+00:00,43.725
1598,2019-02-06T13:45:00+00:00,43.675
1599,2019-02-06T14:00:00+00:00,43.66
1600,2019-02-06T14:15:00+00:00,43.675
1601,2019-02-06T14:30:00+00:00,43.56
1602,2019-02-06T14:45:00+00:00,43.4075
1603,2019-02-06T15:00:00+00:00,43.26
1604,2019-02-06T15:15:00+00:00,43.365
1605,2019-02-06T15:30:00+00:00,43.545
1606,2019-02-06T15:45:00+00:00,43.5725
1607,2019-02-06T16:00:00+00:00,43.645
1608,2019-02-06T16:15:00+00:00,43.7525
1609,2019-02-06T16:30:00+00:00,43.81
1610,2019-02-06T16:45:00+00:00,43.705
1611,2019-02-06T17:00:00+00:00,43.59
1612,2019-02-06T17:15:00+00:00,43.565
1613,2019-02-06T17:30:00+00:00,43.6225
1614,2019-02-06T17:45:00+00:00,43.4725
1615,2019-02-06T18:00:00+00:00,43.5775
1616,2019-02-06T18:15:00+00:00,43.5425
1617,2019-02-06T18:30:00+00:00,43.6125
1618,2019-02-06T18:45:00+00:00,43.5475
1619,2019-02-06T19:00:00+00:00,43.4725
1620,2019-02-06T19:15:00+00:00,43.525
1621,2019-02-06T19:30:00+00:00,43.485
1622,2019-02-06T19:45:00+00:00,43.5675
1623,2019-02-06T20:00:00+00:00,43.555
1624,2019-02-06T20:15:00+00:00,43.56
1625,2019-02-06T20:30:00+00:00,43.535
1626,2019-02-06T20:45:00+00:00,43.57
1627,2019-02-06T21:00:00+00:00,43.55
1628,2019-02-06T21:15:00+00:00,43.56
1629,2019-02-06T21:30:00+00:00,43.53
1630,2019-02-06T21:45:00+00:00,43.5425
1631,2019-02-06T22:00:00+00:00,43.5175
1632,2019-02-06T22:15:00+00:00,43.515
1633,2019-02-06T22:30:00+00:00,43.515
1634,2019-02-06T22:45:00+00:00,43.5
1635,2019-02-06T23:00:00+00:00,43.515
1636,2019-02-07T07:00:00+00:00,43.435
1637,2019-02-07T07:15:00+00:00,43.3825
1638,2019-02-07T07:30:00+00:00,43.375
1639,2019-02-07T07:45:00+00:00,43.365
1640,2019-02-07T08:00:00+00:00,43.4
1641,2019-02-07T08:15:00+00:00,43.4225
1642,2019-02-07T08:30:00+00:00,43.3925
1643,2019-02-07T08:45:00+00:00,43.3875
1644,2019-02-07T09:00:00+00:00,43.4425
1645,2019-02-07T09:15:00+00:00,43.425
1646,2019-02-07T09:30:00+00:00,43.38
1647,2019-02-07T09:45:00+00:00,43.38
1648,2019-02-07T10:00:00+00:00,43.445
1649,2019-02-07T10:15:00+00:00,43.2825
1650,2019-02-07T10:30:00+00:00,43.28
1651,2019-02-07T10:45:00+00:00,43.28
1652,2019-02-07T11:00:00+00:00,43.25
1653,2019-02-07T11:15:00+00:00,43.235
1654,2019-02-07T11:30:00+00:00,43.25
1655,2019-02-07T11:45:00+00:00,43.2125
1656,2019-02-07T12:00:00+00:00,43.3125
1657,2019-02-07T12:15:00+00:00,43.2525
1658,2019-02-07T12:30:00+00:00,43.2175
1659,2019-02-07T12:45:00+00:00,43.075
1660,2019-02-07T13:00:00+00:00,43.045
1661,2019-02-07T13:15:00+00:00,43.03
1662,2019-02-07T13:30:00+00:00,43.0875
1663,2019-02-07T13:45:00+00:00,43.075
1664,2019-02-07T14:00:00+00:00,43.1225
1665,2019-02-07T14:15:00+00:00,43.0975
1666,2019-02-07T14:30:00+00:00,43.0825
1667,2019-02-07T14:45:00+00:00,43.28
1668,2019-02-07T15:00:00+00:00,43.3625
1669,2019-02-07T15:15:00+00:00,43.4225
1670,2019-02-07T15:30:00+00:00,43.3725
1671,2019-02-07T15:45:00+00:00,43.135
1672,2019-02-07T16:00:00+00:00,43.05
1673,2019-02-07T16:15:00+00:00,42.95
1674,2019-02-07T16:30:00+00:00,42.9
1675,2019-02-07T16:45:00+00:00,42.8025
1676,2019-02-07T17:00:00+00:00,42.8475
1677,2019-02-07T17:15:00+00:00,42.865
1678,2019-02-07T17:30:00+00:00,42.71
1679,2019-02-07T17:45:00+00:00,42.6775
1680,2019-02-07T18:00:00+00:00,42.7375
1681,2019-02-07T18:15:00+00:00,42.73
1682,2019-02-07T18:30:00+00:00,42.715
1683,2019-02-07T18:45:00+00:00,42.7925
1684,2019-02-07T19:00:00+00:00,42.73
1685,2019-02-07T19:15:00+00:00,42.7975
1686,2019-02-07T19:30:00+00:00,42.7525
1687,2019-02-07T19:45:00+00:00,42.745
1688,2019-02-07T20:00:00+00:00,42.7075
1689,2019-02-07T20:15:00+00:00,42.66
1690,2019-02-07T20:30:00+00:00,42.715
1691,2019-02-07T20:45:00+00:00,42.7475
1692,2019-02-07T21:00:00+00:00,42.74
1693,2019-02-07T21:15:00+00:00,42.75
1694,2019-02-07T21:30:00+00:00,42.7575
1695,2019-02-07T21:45:00+00:00,42.76
1696,2019-02-07T22:00:00+00:00,42.75
1697,2019-02-07T22:15:00+00:00,42.75
1698,2019-02-07T22:30:00+00:00,42.7225
1699,2019-02-07T22:45:00+00:00,42.735
1700,2019-02-07T23:00:00+00:00,42.675
1701,2019-02-08T07:00:00+00:00,42.3475
1702,2019-02-08T07:15:00+00:00,42.3975
1703,2019-02-08T07:30:00+00:00,42.3975
1704,2019-02-08T07:45:00+00:00,42.22
1705,2019-02-08T08:00:00+00:00,42.0
1706,2019-02-08T08:15:00+00:00,41.9925
1707,2019-02-08T08:30:00+00:00,42.1025
1708,2019-02-08T08:45:00+00:00,42.16
1709,2019-02-08T09:00:00+00:00,42.415
1710,2019-02-08T09:15:00+00:00,42.375
1711,2019-02-08T09:30:00+00:00,42.3625
1712,2019-02-08T09:45:00+00:00,42.27
1713,2019-02-08T10:00:00+00:00,42.2525
1714,2019-02-08T10:15:00+00:00,42.2775
1715,2019-02-08T10:30:00+00:00,42.255
1716,2019-02-08T10:45:00+00:00,42.2875
1717,2019-02-08T11:00:00+00:00,42.285
1718,2019-02-08T11:15:00+00:00,42.2975
1719,2019-02-08T11:30:00+00:00,42.2275
1720,2019-02-08T11:45:00+00:00,42.115
1721,2019-02-08T12:00:00+00:00,42.18
1722,2019-02-08T12:15:00+00:00,42.195
1723,2019-02-08T12:30:00+00:00,42.25
1724,2019-02-08T12:45:00+00:00,42.26
1725,2019-02-08T13:00:00+00:00,42.28
1726,2019-02-08T13:15:00+00:00,42.3225
1727,2019-02-08T13:30:00+00:00,42.325
1728,2019-02-08T13:45:00+00:00,42.28
1729,2019-02-08T14:00:00+00:00,42.2875
1730,2019-02-08T14:15:00+00:00,42.22
1731,2019-02-08T14:30:00+00:00,42.29
1732,2019-02-08T14:45:00+00:00,42.2975
1733,2019-02-08T15:00:00+00:00,42.4025
1734,2019-02-08T15:15:00+00:00,42.41
1735,2019-02-08T15:30:00+00:00,42.5325
1736,2019-02-08T15:45:00+00:00,42.39
1737,2019-02-08T16:00:00+00:00,42.3725
1738,2019-02-08T16:15:00+00:00,42.3625
1739,2019-02-08T16:30:00+00:00,42.31
1740,2019-02-08T16:45:00+00:00,42.45
1741,2019-02-08T17:00:00+00:00,42.36
1742,2019-02-08T17:15:00+00:00,42.4175
1743,2019-02-08T17:30:00+00:00,42.445
1744,2019-02-08T17:45:00+00:00,42.45
1745,2019-02-08T18:00:00+00:00,42.5225
1746,2019-02-08T18:15:00+00:00,42.48
1747,2019-02-08T18:30:00+00:00,42.48
1748,2019-02-08T18:45:00+00:00,42.56
1749,2019-02-08T19:00:00+00:00,42.63
1750,2019-02-08T19:15:00+00:00,42.6225
1751,2019-02-08T19:30:00+00:00,42.63
1752,2019-02-08T19:45:00+00:00,42.63
1753,2019-02-08T20:00:00+00:00,42.6225
1754,2019-02-08T20:15:00+00:00,42.56
1755,2019-02-08T20:30:00+00:00,42.4875
1756,2019-02-08T20:45:00+00:00,42.625
1757,2019-02-08T21:00:00+00:00,42.5625
1758,2019-02-08T21:15:00+00:00,42.56
1759,2019-02-08T21:30:00+00:00,42.5475
1760,2019-02-08T21:45:00+00:00,42.5425
1761,2019-02-08T22:00:00+00:00,42.545
1762,2019-02-08T22:15:00+00:00,42.575
1763,2019-02-08T22:30:00+00:00,42.555
1764,2019-02-08T22:45:00+00:00,42.5525
1765,2019-02-08T23:00:00+00:00,42.555
1766,2019-02-11T07:00:00+00:00,42.5325
1767,2019-02-11T07:15:00+00:00,42.5
1768,2019-02-11T07:30:00+00:00,42.5175
1769,2019-02-11T07:45:00+00:00,42.51
1770,2019-02-11T08:00:00+00:00,42.4825
1771,2019-02-11T08:15:00+00:00,42.5325
1772,2019-02-11T08:30:00+00:00,42.535
1773,2019-02-11T08:45:00+00:00,42.7
1774,2019-02-11T09:00:00+00:00,42.8175
1775,2019-02-11T09:15:00+00:00,42.8125
1776,2019-02-11T09:30:00+00:00,42.85
1777,2019-02-11T09:45:00+00:00,42.8025
1778,2019-02-11T10:00:00+00:00,42.7525
1779,2019-02-11T10:15:00+00:00,42.76
1780,2019-02-11T10:30:00+00:00,42.825
1781,2019-02-11T10:45:00+00:00,42.725
1782,2019-02-11T11:00:00+00:00,42.75
1783,2019-02-11T11:15:00+00:00,42.675
1784,2019-02-11T11:30:00+00:00,42.7
1785,2019-02-11T11:45:00+00:00,42.7175
1786,2019-02-11T12:00:00+00:00,42.665
1787,2019-02-11T12:15:00+00:00,42.75
1788,2019-02-11T12:30:00+00:00,42.7275
1789,2019-02-11T12:45:00+00:00,42.785
1790,2019-02-11T13:00:00+00:00,42.8
1791,2019-02-11T13:15:00+00:00,42.8
1792,2019-02-11T13:30:00+00:00,42.8
1793,2019-02-11T13:45:00+00:00,42.77
1794,2019-02-11T14:00:00+00:00,42.7825
1795,2019-02-11T14:15:00+00:00,42.7675
1796,2019-02-11T14:30:00+00:00,42.4
1797,2019-02-11T14:45:00+00:00,42.5575
1798,2019-02-11T15:00:00+00:00,42.575
1799,2019-02-11T15:15:00+00:00,42.6075
1800,2019-02-11T15:30:00+00:00,42.585
1801,2019-02-11T15:45:00+00:00,42.53
1802,2019-02-11T16:00:00+00:00,42.395
1803,2019-02-11T16:15:00+00:00,42.41
1804,2019-02-11T16:30:00+00:00,42.4075
1805,2019-02-11T16:45:00+00:00,42.45
1806,2019-02-11T17:00:00+00:00,42.5425
1807,2019-02-11T17:15:00+00:00,42.625
1808,2019-02-11T17:30:00+00:00,42.6525
1809,2019-02-11T17:45:00+00:00,42.615
1810,2019-02-11T18:00:00+00:00,42.5425
1811,2019-02-11T18:15:00+00:00,42.4675
1812,2019-02-11T18:30:00+00:00,42.45
1813,2019-02-11T18:45:00+00:00,42.48
1814,2019-02-11T19:00:00+00:00,42.49
1815,2019-02-11T19:15:00+00:00,42.4725
1816,2019-02-11T19:30:00+00:00,42.5075
1817,2019-02-11T19:45:00+00:00,42.385
1818,2019-02-11T20:00:00+00:00,42.4525
1819,2019-02-11T20:15:00+00:00,42.4
1820,2019-02-11T20:30:00+00:00,42.3775
1821,2019-02-11T20:45:00+00:00,42.3625
1822,2019-02-11T21:00:00+00:00,42.3
1823,2019-02-11T21:15:00+00:00,42.31
1824,2019-02-11T21:30:00+00:00,42.2875
1825,2019-02-11T21:45:00+00:00,42.2575
1826,2019-02-11T22:00:00+00:00,42.2675
1827,2019-02-11T22:15:00+00:00,42.275
1828,2019-02-11T22:45:00+00:00,42.275
1829,2019-02-11T23:00:00+00:00,42.25
1830,2019-02-12T07:00:00+00:00,42.6775
1831,2019-02-12T07:15:00+00:00,42.8
1832,2019-02-12T07:30:00+00:00,42.7475
1833,2019-02-12T07:45:00+00:00,42.7025
1834,2019-02-12T08:00:00+00:00,42.675
1835,2019-02-12T08:15:00+00:00,42.7175
1836,2019-02-12T08:30:00+00:00,42.71
1837,2019-02-12T08:45:00+00:00,42.73
1838,2019-02-12T09:00:00+00:00,42.6425
1839,2019-02-12T09:15:00+00:00,42.65
1840,2019-02-12T09:30:00+00:00,42.695
1841,2019-02-12T09:45:00+00:00,42.67
1842,2019-02-12T10:00:00+00:00,42.67
1843,2019-02-12T10:15:00+00:00,42.67
1844,2019-02-12T10:30:00+00:00,42.6875
1845,2019-02-12T10:45:00+00:00,42.69
1846,2019-02-12T11:00:00+00:00,42.6925
1847,2019-02-12T11:15:00+00:00,42.645
1848,2019-02-12T11:30:00+00:00,42.69
1849,2019-02-12T11:45:00+00:00,42.695
1850,2019-02-12T12:00:00+00:00,42.6325
1851,2019-02-12T12:15:00+00:00,42.67
1852,2019-02-12T12:30:00+00:00,42.675
1853,2019-02-12T12:45:00+00:00,42.625
1854,2019-02-12T13:00:00+00:00,42.5875
1855,2019-02-12T13:15:00+00:00,42.6125
1856,2019-02-12T13:30:00+00:00,42.5875
1857,2019-02-12T13:45:00+00:00,42.5525
1858,2019-02-12T14:00:00+00:00,42.5275
1859,2019-02-12T14:15:00+00:00,42.5375
1860,2019-02-12T14:30:00+00:00,42.5775
1861,2019-02-12T14:45:00+00:00,42.5275
1862,2019-02-12T15:00:00+00:00,42.5225
1863,2019-02-12T15:15:00+00:00,42.4525
1864,2019-02-12T15:30:00+00:00,42.485
1865,2019-02-12T15:45:00+00:00,42.6
1866,2019-02-12T16:00:00+00:00,42.585
1867,2019-02-12T16:15:00+00:00,42.51
1868,2019-02-12T16:30:00+00:00,42.4775
1869,2019-02-12T16:45:00+00:00,42.4675
1870,2019-02-12T17:00:00+00:00,42.4725
1871,2019-02-12T17:15:00+00:00,42.4825
1872,2019-02-12T17:30:00+00:00,42.51
1873,2019-02-12T17:45:00+00:00,42.5
1874,2019-02-12T18:00:00+00:00,42.5425
1875,2019-02-12T18:15:00+00:00,42.5725
1876,2019-02-12T18:30:00+00:00,42.6025
1877,2019-02-12T18:45:00+00:00,42.63
1878,2019-02-12T19:00:00+00:00,42.5875
1879,2019-02-12T19:15:00+00:00,42.61
1880,2019-02-12T19:30:00+00:00,42.64
1881,2019-02-12T19:45:00+00:00,42.6125
1882,2019-02-12T20:00:00+00:00,42.6675
1883,2019-02-12T20:15:00+00:00,42.7375
1884,2019-02-12T20:30:00+00:00,42.69
1885,2019-02-12T20:45:00+00:00,42.7225
1886,2019-02-12T21:00:00+00:00,42.7125
1887,2019-02-12T21:15:00+00:00,42.725
1888,2019-02-12T21:30:00+00:00,42.715
1889,2019-02-12T21:45:00+00:00,42.71
1890,2019-02-12T22:00:00+00:00,42.72
1891,2019-02-12T22:15:00+00:00,42.7025
1892,2019-02-12T22:30:00+00:00,42.7
1893,2019-02-12T22:45:00+00:00,42.6925
1894,2019-02-12T23:00:00+00:00,42.71
1895,2019-02-12T23:15:00+00:00,42.705
1896,2019-02-13T07:00:00+00:00,42.85
1897,2019-02-13T07:15:00+00:00,42.835
1898,2019-02-13T07:30:00+00:00,42.835
1899,2019-02-13T07:45:00+00:00,42.825
1900,2019-02-13T08:00:00+00:00,42.85
1901,2019-02-13T08:15:00+00:00,42.85
1902,2019-02-13T08:30:00+00:00,42.98
1903,2019-02-13T08:45:00+00:00,43.0175
1904,2019-02-13T09:00:00+00:00,42.9925
1905,2019-02-13T09:15:00+00:00,42.9125
1906,2019-02-13T09:30:00+00:00,42.9225
1907,2019-02-13T09:45:00+00:00,42.9
1908,2019-02-13T10:00:00+00:00,42.8825
1909,2019-02-13T10:15:00+00:00,42.9125
1910,2019-02-13T10:30:00+00:00,42.875
1911,2019-02-13T10:45:00+00:00,42.875
1912,2019-02-13T11:00:00+00:00,42.9225
1913,2019-02-13T11:15:00+00:00,42.9225
1914,2019-02-13T11:30:00+00:00,42.86
1915,2019-02-13T11:45:00+00:00,42.9275
1916,2019-02-13T12:00:00+00:00,42.955
1917,2019-02-13T12:15:00+00:00,42.9625
1918,2019-02-13T12:30:00+00:00,42.93
1919,2019-02-13T12:45:00+00:00,42.9025
1920,2019-02-13T13:00:00+00:00,42.8425
1921,2019-02-13T13:15:00+00:00,42.875
1922,2019-02-13T13:30:00+00:00,42.88
1923,2019-02-13T13:45:00+00:00,42.8925
1924,2019-02-13T14:00:00+00:00,42.9025
1925,2019-02-13T14:15:00+00:00,42.85
1926,2019-02-13T14:30:00+00:00,42.985
1927,2019-02-13T14:45:00+00:00,42.8825
1928,2019-02-13T15:00:00+00:00,42.79
1929,2019-02-13T15:15:00+00:00,42.855
1930,2019-02-13T15:30:00+00:00,42.93
1931,2019-02-13T15:45:00+00:00,42.8675
1932,2019-02-13T16:00:00+00:00,42.835
1933,2019-02-13T16:15:00+00:00,42.7425
1934,2019-02-13T16:30:00+00:00,42.675
1935,2019-02-13T16:45:00+00:00,42.74
1936,2019-02-13T17:00:00+00:00,42.725
1937,2019-02-13T17:15:00+00:00,42.695
1938,2019-02-13T17:30:00+00:00,42.7075
1939,2019-02-13T17:45:00+00:00,42.6575
1940,2019-02-13T18:00:00+00:00,42.7075
1941,2019-02-13T18:15:00+00:00,42.7075
1942,2019-02-13T18:30:00+00:00,42.735
1943,2019-02-13T18:45:00+00:00,42.6825
1944,2019-02-13T19:00:00+00:00,42.695
1945,2019-02-13T19:15:00+00:00,42.675
1946,2019-02-13T19:30:00+00:00,42.7375
1947,2019-02-13T19:45:00+00:00,42.7325
1948,2019-02-13T20:00:00+00:00,42.6975
1949,2019-02-13T20:15:00+00:00,42.7175
1950,2019-02-13T20:30:00+00:00,42.645
1951,2019-02-13T20:45:00+00:00,42.545
1952,2019-02-13T21:00:00+00:00,42.5275
1953,2019-02-13T21:15:00+00:00,42.5425
1954,2019-02-13T21:30:00+00:00,42.5275
1955,2019-02-13T21:45:00+00:00,42.5275
1956,2019-02-13T22:00:00+00:00,42.525
1957,2019-02-13T22:15:00+00:00,42.525
1958,2019-02-13T22:30:00+00:00,42.525
1959,2019-02-13T22:45:00+00:00,42.5125
1960,2019-02-13T23:00:00+00:00,42.4925
1961,2019-02-13T23:15:00+00:00,42.5125
1962,2019-02-14T07:00:00+00:00,42.5425
1963,2019-02-14T07:15:00+00:00,42.5625
1964,2019-02-14T07:30:00+00:00,42.5275
1965,2019-02-14T07:45:00+00:00,42.55
1966,2019-02-14T08:00:00+00:00,42.625
1967,2019-02-14T08:15:00+00:00,42.7725
1968,2019-02-14T08:30:00+00:00,42.625
1969,2019-02-14T08:45:00+00:00,42.63
1970,2019-02-14T09:00:00+00:00,42.7
1971,2019-02-14T09:15:00+00:00,42.72
1972,2019-02-14T09:30:00+00:00,42.7
1973,2019-02-14T09:45:00+00:00,42.7225
1974,2019-02-14T10:00:00+00:00,42.7
1975,2019-02-14T10:15:00+00:00,42.7175
1976,2019-02-14T10:30:00+00:00,42.7
1977,2019-02-14T10:45:00+00:00,42.6975
1978,2019-02-14T11:00:00+00:00,42.685
1979,2019-02-14T11:15:00+00:00,42.685
1980,2019-02-14T11:30:00+00:00,42.6625
1981,2019-02-14T11:45:00+00:00,42.695
1982,2019-02-14T12:00:00+00:00,42.625
1983,2019-02-14T12:15:00+00:00,42.68
1984,2019-02-14T12:30:00+00:00,42.605
1985,2019-02-14T12:45:00+00:00,42.6
1986,2019-02-14T13:00:00+00:00,42.6625
1987,2019-02-14T13:15:00+00:00,42.6425
1988,2019-02-14T13:30:00+00:00,42.4925
1989,2019-02-14T13:45:00+00:00,42.4
1990,2019-02-14T14:00:00+00:00,42.35
1991,2019-02-14T14:15:00+00:00,42.4625
1992,2019-02-14T14:30:00+00:00,42.5325
1993,2019-02-14T14:45:00+00:00,42.665
1994,2019-02-14T15:00:00+00:00,42.755
1995,2019-02-14T15:15:00+00:00,42.77
1996,2019-02-14T15:30:00+00:00,42.565
1997,2019-02-14T15:45:00+00:00,42.6425
1998,2019-02-14T16:00:00+00:00,42.56
1999,2019-02-14T16:15:00+00:00,42.5675
2000,2019-02-14T16:30:00+00:00,42.615
2001,2019-02-14T16:45:00+00:00,42.67
2002,2019-02-14T17:00:00+00:00,42.705
2003,2019-02-14T17:15:00+00:00,42.7225
2004,2019-02-14T17:30:00+00:00,42.775
2005,2019-02-14T17:45:00+00:00,42.75
2006,2019-02-14T18:00:00+00:00,42.78
2007,2019-02-14T18:15:00+00:00,42.76
2008,2019-02-14T18:30:00+00:00,42.7725
2009,2019-02-14T18:45:00+00:00,42.7175
2010,2019-02-14T19:00:00+00:00,42.735
2011,2019-02-14T19:15:00+00:00,42.7775
2012,2019-02-14T19:30:00+00:00,42.74
2013,2019-02-14T19:45:00+00:00,42.7
2014,2019-02-14T20:00:00+00:00,42.6375
2015,2019-02-14T20:15:00+00:00,42.6725
2016,2019-02-14T20:30:00+00:00,42.7275
2017,2019-02-14T20:45:00+00:00,42.6975
2018,2019-02-14T21:00:00+00:00,42.225
2019,2019-02-14T21:15:00+00:00,42.555
2020,2019-02-14T21:30:00+00:00,42.505
2021,2019-02-14T21:45:00+00:00,42.4125
2022,2019-02-14T22:00:00+00:00,42.45
2023,2019-02-14T22:15:00+00:00,42.47
2024,2019-02-14T22:30:00+00:00,42.4475
2025,2019-02-14T22:45:00+00:00,42.495
2026,2019-02-14T23:00:00+00:00,42.4625
2027,2019-02-14T23:15:00+00:00,42.4575
2028,2019-02-15T07:00:00+00:00,42.2975
2029,2019-02-15T07:15:00+00:00,42.375
2030,2019-02-15T07:30:00+00:00,42.4375
2031,2019-02-15T07:45:00+00:00,42.3475
2032,2019-02-15T08:00:00+00:00,42.35
2033,2019-02-15T08:15:00+00:00,42.335
2034,2019-02-15T08:30:00+00:00,42.34
2035,2019-02-15T08:45:00+00:00,42.3175
2036,2019-02-15T09:00:00+00:00,42.3
2037,2019-02-15T09:15:00+00:00,42.305
2038,2019-02-15T09:30:00+00:00,42.29
2039,2019-02-15T09:45:00+00:00,42.31
2040,2019-02-15T10:00:00+00:00,42.3425
2041,2019-02-15T10:15:00+00:00,42.3475
2042,2019-02-15T10:30:00+00:00,42.3775
2043,2019-02-15T10:45:00+00:00,42.4175
2044,2019-02-15T11:00:00+00:00,42.545
2045,2019-02-15T11:15:00+00:00,42.5475
2046,2019-02-15T11:30:00+00:00,42.5
2047,2019-02-15T11:45:00+00:00,42.4825
2048,2019-02-15T12:00:00+00:00,42.5025
2049,2019-02-15T12:15:00+00:00,42.5075
2050,2019-02-15T12:30:00+00:00,42.5725
2051,2019-02-15T12:45:00+00:00,42.525
2052,2019-02-15T13:00:00+00:00,42.5025
2053,2019-02-15T13:15:00+00:00,42.41
2054,2019-02-15T13:30:00+00:00,42.5175
2055,2019-02-15T13:45:00+00:00,42.595
2056,2019-02-15T14:00:00+00:00,42.615
2057,2019-02-15T14:15:00+00:00,42.8075
2058,2019-02-15T14:30:00+00:00,42.595
2059,2019-02-15T14:45:00+00:00,42.62
2060,2019-02-15T15:00:00+00:00,42.6125
2061,2019-02-15T15:15:00+00:00,42.715
2062,2019-02-15T15:30:00+00:00,42.7075
2063,2019-02-15T15:45:00+00:00,42.61
2064,2019-02-15T16:00:00+00:00,42.575
2065,2019-02-15T16:15:00+00:00,42.545
2066,2019-02-15T16:30:00+00:00,42.4975
2067,2019-02-15T16:45:00+00:00,42.5325
2068,2019-02-15T17:00:00+00:00,42.57
2069,2019-02-15T17:15:00+00:00,42.6425
2070,2019-02-15T17:30:00+00:00,42.615
2071,2019-02-15T17:45:00+00:00,42.5075
2072,2019-02-15T18:00:00+00:00,42.51
2073,2019-02-15T18:15:00+00:00,42.4925
2074,2019-02-15T18:30:00+00:00,42.505
2075,2019-02-15T18:45:00+00:00,42.5125
2076,2019-02-15T19:00:00+00:00,42.5225
2077,2019-02-15T19:15:00+00:00,42.54
2078,2019-02-15T19:30:00+00:00,42.5925
2079,2019-02-15T19:45:00+00:00,42.6025
2080,2019-02-15T20:00:00+00:00,42.5475
2081,2019-02-15T20:15:00+00:00,42.575
2082,2019-02-15T20:30:00+00:00,42.5975
2083,2019-02-15T20:45:00+00:00,42.595
2084,2019-02-15T21:00:00+00:00,42.5775
2085,2019-02-15T21:15:00+00:00,42.6
2086,2019-02-15T21:30:00+00:00,42.6
2087,2019-02-15T21:45:00+00:00,42.6
2088,2019-02-15T22:00:00+00:00,42.595
2089,2019-02-15T22:15:00+00:00,42.5975
2090,2019-02-15T22:30:00+00:00,42.5975
2091,2019-02-15T22:45:00+00:00,42.6
2092,2019-02-15T23:00:00+00:00,42.6
2093,2019-02-15T23:15:00+00:00,42.6
2094,2019-02-19T07:00:00+00:00,42.5575
2095,2019-02-19T07:15:00+00:00,42.62
2096,2019-02-19T07:30:00+00:00,42.6175
2097,2019-02-19T07:45:00+00:00,42.6175
2098,2019-02-19T08:00:00+00:00,42.5675
2099,2019-02-19T08:15:00+00:00,42.5275
2100,2019-02-19T08:30:00+00:00,42.575
2101,2019-02-19T08:45:00+00:00,42.5775
2102,2019-02-19T09:00:00+00:00,42.555
2103,2019-02-19T09:15:00+00:00,42.4825
2104,2019-02-19T09:30:00+00:00,42.5075
2105,2019-02-19T09:45:00+00:00,42.455
2106,2019-02-19T10:00:00+00:00,42.52
2107,2019-02-19T10:15:00+00:00,42.5
2108,2019-02-19T10:30:00+00:00,42.48
2109,2019-02-19T10:45:00+00:00,42.4725
2110,2019-02-19T11:00:00+00:00,42.4675
2111,2019-02-19T11:15:00+00:00,42.3775
2112,2019-02-19T11:30:00+00:00,42.4
2113,2019-02-19T11:45:00+00:00,42.3875
2114,2019-02-19T12:00:00+00:00,42.475
2115,2019-02-19T12:15:00+00:00,42.4625
2116,2019-02-19T12:30:00+00:00,42.475
2117,2019-02-19T12:45:00+00:00,42.5125
2118,2019-02-19T13:00:00+00:00,42.5
2119,2019-02-19T13:15:00+00:00,42.385
2120,2019-02-19T13:30:00+00:00,42.415
2121,2019-02-19T13:45:00+00:00,42.4675
2122,2019-02-19T14:00:00+00:00,42.4625
2123,2019-02-19T14:15:00+00:00,42.43
2124,2019-02-19T14:30:00+00:00,42.6825
2125,2019-02-19T14:45:00+00:00,42.52
2126,2019-02-19T15:00:00+00:00,42.505
2127,2019-02-19T15:15:00+00:00,42.5175
2128,2019-02-19T15:30:00+00:00,42.49
2129,2019-02-19T15:45:00+00:00,42.5325
2130,2019-02-19T16:00:00+00:00,42.575
2131,2019-02-19T16:15:00+00:00,42.515
2132,2019-02-19T16:30:00+00:00,42.5425
2133,2019-02-19T16:45:00+00:00,42.685
2134,2019-02-19T17:00:00+00:00,42.68
2135,2019-02-19T17:15:00+00:00,42.6875
2136,2019-02-19T17:30:00+00:00,42.6675
2137,2019-02-19T17:45:00+00:00,42.64
2138,2019-02-19T18:00:00+00:00,42.6025
2139,2019-02-19T18:15:00+00:00,42.61
2140,2019-02-19T18:30:00+00:00,42.6675
2141,2019-02-19T18:45:00+00:00,42.655
2142,2019-02-19T19:00:00+00:00,42.685
2143,2019-02-19T19:15:00+00:00,42.735
2144,2019-02-19T19:30:00+00:00,42.785
2145,2019-02-19T19:45:00+00:00,42.8525
2146,2019-02-19T20:00:00+00:00,42.8
2147,2019-02-19T20:15:00+00:00,42.775
2148,2019-02-19T20:30:00+00:00,42.8075
2149,2019-02-19T20:45:00+00:00,42.735
2150,2019-02-19T21:00:00+00:00,42.725
2151,2019-02-19T21:15:00+00:00,42.7225
2152,2019-02-19T21:30:00+00:00,42.7275
2153,2019-02-19T21:45:00+00:00,42.73
2154,2019-02-19T22:00:00+00:00,42.725
2155,2019-02-19T23:15:00+00:00,42.7325
2156,2019-02-20T07:00:00+00:00,42.685
2157,2019-02-20T07:15:00+00:00,42.7875
2158,2019-02-20T07:30:00+00:00,42.7525
2159,2019-02-20T07:45:00+00:00,42.75
2160,2019-02-20T08:00:00+00:00,42.73
2161,2019-02-20T08:15:00+00:00,42.69
2162,2019-02-20T08:30:00+00:00,42.7425
2163,2019-02-20T08:45:00+00:00,42.755
2164,2019-02-20T09:00:00+00:00,42.6825
2165,2019-02-20T09:15:00+00:00,42.715
2166,2019-02-20T09:30:00+00:00,42.7325
2167,2019-02-20T09:45:00+00:00,42.6775
2168,2019-02-20T10:00:00+00:00,42.6875
2169,2019-02-20T10:15:00+00:00,42.6875
2170,2019-02-20T10:30:00+00:00,42.745
2171,2019-02-20T10:45:00+00:00,42.69
2172,2019-02-20T11:00:00+00:00,42.6725
2173,2019-02-20T11:15:00+00:00,42.6975
2174,2019-02-20T11:30:00+00:00,42.6
2175,2019-02-20T11:45:00+00:00,42.575
2176,2019-02-20T12:15:00+00:00,42.7
2177,2019-02-20T12:30:00+00:00,42.7225
2178,2019-02-20T12:45:00+00:00,42.6625
2179,2019-02-20T13:00:00+00:00,42.625
2180,2019-02-20T13:15:00+00:00,42.625
2181,2019-02-20T13:30:00+00:00,42.7175
2182,2019-02-20T13:45:00+00:00,42.725
2183,2019-02-20T14:00:00+00:00,42.7425
2184,2019-02-20T14:15:00+00:00,42.8
2185,2019-02-20T14:30:00+00:00,42.95
2186,2019-02-20T14:45:00+00:00,43.02
2187,2019-02-20T15:00:00+00:00,43.1125
2188,2019-02-20T15:15:00+00:00,43.2975
2189,2019-02-20T15:30:00+00:00,43.275
2190,2019-02-20T15:45:00+00:00,43.18
2191,2019-02-20T16:00:00+00:00,43.195
2192,2019-02-20T16:15:00+00:00,43.2075
2193,2019-02-20T16:30:00+00:00,43.2125
2194,2019-02-20T16:45:00+00:00,43.16
2195,2019-02-20T17:00:00+00:00,43.0875
2196,2019-02-20T17:15:00+00:00,42.915
2197,2019-02-20T17:30:00+00:00,42.9975
2198,2019-02-20T17:45:00+00:00,42.9775
2199,2019-02-20T18:00:00+00:00,43.0625
2200,2019-02-20T18:15:00+00:00,43.1075
2201,2019-02-20T18:30:00+00:00,43.045
2202,2019-02-20T18:45:00+00:00,43.0975
2203,2019-02-20T19:00:00+00:00,42.99
2204,2019-02-20T19:15:00+00:00,42.9375
2205,2019-02-20T19:30:00+00:00,43.02
2206,2019-02-20T19:45:00+00:00,43.0625
2207,2019-02-20T20:00:00+00:00,43.0075
2208,2019-02-20T20:15:00+00:00,43.01
2209,2019-02-20T20:30:00+00:00,43.055
2210,2019-02-20T20:45:00+00:00,43.0175
2211,2019-02-20T21:00:00+00:00,42.9875
2212,2019-02-20T21:15:00+00:00,42.9975
2213,2019-02-20T21:30:00+00:00,42.9975
2214,2019-02-20T21:45:00+00:00,42.9975
2215,2019-02-20T22:15:00+00:00,42.9975
2216,2019-02-20T22:30:00+00:00,42.9875
2217,2019-02-20T22:45:00+00:00,42.9975
2218,2019-02-20T23:00:00+00:00,42.9775
2219,2019-02-20T23:15:00+00:00,42.9775
2220,2019-02-21T07:00:00+00:00,42.9575
2221,2019-02-21T07:15:00+00:00,43.0175
2222,2019-02-21T07:30:00+00:00,43.0
2223,2019-02-21T07:45:00+00:00,43.0425
2224,2019-02-21T08:00:00+00:00,43.0125
2225,2019-02-21T08:15:00+00:00,43.01
2226,2019-02-21T08:30:00+00:00,43.02
2227,2019-02-21T08:45:00+00:00,42.885
2228,2019-02-21T09:00:00+00:00,42.9025
2229,2019-02-21T09:15:00+00:00,42.8825
2230,2019-02-21T09:30:00+00:00,42.8825
2231,2019-02-21T09:45:00+00:00,42.93
2232,2019-02-21T10:00:00+00:00,42.915
2233,2019-02-21T10:15:00+00:00,42.9675
2234,2019-02-21T10:30:00+00:00,42.9275
2235,2019-02-21T10:45:00+00:00,42.9975
2236,2019-02-21T11:00:00+00:00,43.0025
2237,2019-02-21T11:15:00+00:00,43.045
2238,2019-02-21T11:30:00+00:00,43.0475
2239,2019-02-21T11:45:00+00:00,43.0425
2240,2019-02-21T12:00:00+00:00,43.0
2241,2019-02-21T12:15:00+00:00,42.9975
2242,2019-02-21T12:30:00+00:00,42.9875
2243,2019-02-21T12:45:00+00:00,42.93
2244,2019-02-21T13:00:00+00:00,43.0
2245,2019-02-21T13:15:00+00:00,43.05
2246,2019-02-21T13:30:00+00:00,42.9575
2247,2019-02-21T13:45:00+00:00,42.9975
2248,2019-02-21T14:00:00+00:00,42.95
2249,2019-02-21T14:15:00+00:00,42.95
2250,2019-02-21T14:30:00+00:00,42.8125
2251,2019-02-21T14:45:00+00:00,42.815
2252,2019-02-21T15:00:00+00:00,42.72
2253,2019-02-21T15:15:00+00:00,42.7525
2254,2019-02-21T15:30:00+00:00,42.8075
2255,2019-02-21T15:45:00+00:00,42.725
2256,2019-02-21T16:00:00+00:00,42.785
2257,2019-02-21T16:15:00+00:00,42.71
2258,2019-02-21T16:30:00+00:00,42.7475
2259,2019-02-21T16:45:00+00:00,42.8275
2260,2019-02-21T17:00:00+00:00,42.845
2261,2019-02-21T17:15:00+00:00,42.885
2262,2019-02-21T17:30:00+00:00,42.88
2263,2019-02-21T17:45:00+00:00,42.9075
2264,2019-02-21T18:00:00+00:00,42.885
2265,2019-02-21T18:15:00+00:00,42.8475
2266,2019-02-21T18:30:00+00:00,42.8375
2267,2019-02-21T18:45:00+00:00,42.8525
2268,2019-02-21T19:00:00+00:00,42.795
2269,2019-02-21T19:15:00+00:00,42.7
2270,2019-02-21T19:30:00+00:00,42.72
2271,2019-02-21T19:45:00+00:00,42.6
2272,2019-02-21T20:00:00+00:00,42.67
2273,2019-02-21T20:15:00+00:00,42.6725
2274,2019-02-21T20:30:00+00:00,42.66
2275,2019-02-21T20:45:00+00:00,42.785
2276,2019-02-21T21:00:00+00:00,42.7375
2277,2019-02-21T21:30:00+00:00,42.7625
2278,2019-02-21T21:45:00+00:00,42.75
2279,2019-02-21T22:15:00+00:00,42.73
2280,2019-02-21T22:30:00+00:00,42.725
2281,2019-02-21T23:00:00+00:00,42.7
2282,2019-02-21T23:15:00+00:00,42.7
2283,2019-02-22T07:00:00+00:00,42.7575
2284,2019-02-22T07:15:00+00:00,42.75
2285,2019-02-22T07:30:00+00:00,42.75
2286,2019-02-22T07:45:00+00:00,42.7975
2287,2019-02-22T08:00:00+00:00,42.73
2288,2019-02-22T08:15:00+00:00,42.78
2289,2019-02-22T08:30:00+00:00,42.8
2290,2019-02-22T08:45:00+00:00,42.815
2291,2019-02-22T09:00:00+00:00,42.85
2292,2019-02-22T09:15:00+00:00,42.8675
2293,2019-02-22T09:30:00+00:00,42.8975
2294,2019-02-22T09:45:00+00:00,42.85
2295,2019-02-22T10:15:00+00:00,42.8525
2296,2019-02-22T10:30:00+00:00,42.915
2297,2019-02-22T10:45:00+00:00,42.9425
2298,2019-02-22T11:00:00+00:00,42.9475
2299,2019-02-22T11:15:00+00:00,42.9825
2300,2019-02-22T11:30:00+00:00,42.9
2301,2019-02-22T11:45:00+00:00,42.92
2302,2019-02-22T12:00:00+00:00,43.0
2303,2019-02-22T12:15:00+00:00,43.0
2304,2019-02-22T12:30:00+00:00,42.95
2305,2019-02-22T12:45:00+00:00,42.95
2306,2019-02-22T13:00:00+00:00,42.9825
2307,2019-02-22T13:15:00+00:00,42.965
2308,2019-02-22T13:30:00+00:00,42.8925
2309,2019-02-22T13:45:00+00:00,42.8525
2310,2019-02-22T14:00:00+00:00,42.8675
2311,2019-02-22T14:15:00+00:00,42.8975
2312,2019-02-22T14:30:00+00:00,42.995
2313,2019-02-22T14:45:00+00:00,43.0475
2314,2019-02-22T15:00:00+00:00,43.0275
2315,2019-02-22T15:15:00+00:00,42.9675
2316,2019-02-22T15:30:00+00:00,43.0325
2317,2019-02-22T15:45:00+00:00,43.15
2318,2019-02-22T16:00:00+00:00,43.125
2319,2019-02-22T16:15:00+00:00,43.1525
2320,2019-02-22T16:30:00+00:00,43.055
2321,2019-02-22T16:45:00+00:00,43.0625
2322,2019-02-22T17:00:00+00:00,43.0475
2323,2019-02-22T17:15:00+00:00,43.04
2324,2019-02-22T17:30:00+00:00,43.04
2325,2019-02-22T17:45:00+00:00,43.055
2326,2019-02-22T18:00:00+00:00,43.0175
2327,2019-02-22T18:15:00+00:00,43.07
2328,2019-02-22T18:30:00+00:00,43.0875
2329,2019-02-22T18:45:00+00:00,43.1125
2330,2019-02-22T19:00:00+00:00,43.125
2331,2019-02-22T19:15:00+00:00,43.1025
2332,2019-02-22T19:30:00+00:00,42.995
2333,2019-02-22T19:45:00+00:00,42.995
2334,2019-02-22T20:00:00+00:00,43.0275
2335,2019-02-22T20:15:00+00:00,43.095
2336,2019-02-22T20:30:00+00:00,43.115
2337,2019-02-22T20:45:00+00:00,43.2425
2338,2019-02-22T21:00:00+00:00,43.1975
2339,2019-02-22T21:15:00+00:00,43.1875
2340,2019-02-22T21:30:00+00:00,43.195
2341,2019-02-22T21:45:00+00:00,43.175
2342,2019-02-22T22:00:00+00:00,43.195
2343,2019-02-22T22:15:00+00:00,43.21
2344,2019-02-22T22:30:00+00:00,43.1825
2345,2019-02-22T23:15:00+00:00,43.2
2346,2019-02-25T07:00:00+00:00,43.4
2347,2019-02-25T07:15:00+00:00,43.35
2348,2019-02-25T07:30:00+00:00,43.34
2349,2019-02-25T07:45:00+00:00,43.3125
2350,2019-02-25T08:00:00+00:00,43.4175
2351,2019-02-25T08:15:00+00:00,43.4
2352,2019-02-25T08:30:00+00:00,43.4475
2353,2019-02-25T08:45:00+00:00,43.3775
2354,2019-02-25T09:00:00+00:00,43.4375
2355,2019-02-25T09:15:00+00:00,43.4525
2356,2019-02-25T09:30:00+00:00,43.5
2357,2019-02-25T09:45:00+00:00,43.46
2358,2019-02-25T10:00:00+00:00,43.4975
2359,2019-02-25T10:15:00+00:00,43.5325
2360,2019-02-25T10:30:00+00:00,43.5
2361,2019-02-25T10:45:00+00:00,43.54
2362,2019-02-25T11:00:00+00:00,43.575
2363,2019-02-25T11:15:00+00:00,43.5725
2364,2019-02-25T11:30:00+00:00,43.525
2365,2019-02-25T11:45:00+00:00,43.6225
2366,2019-02-25T12:00:00+00:00,43.5275
2367,2019-02-25T12:15:00+00:00,43.56
2368,2019-02-25T12:30:00+00:00,43.5675
2369,2019-02-25T12:45:00+00:00,43.5725
2370,2019-02-25T13:00:00+00:00,43.41
2371,2019-02-25T13:15:00+00:00,43.4675
2372,2019-02-25T13:30:00+00:00,43.465
2373,2019-02-25T13:45:00+00:00,43.535
2374,2019-02-25T14:00:00+00:00,43.54
2375,2019-02-25T14:15:00+00:00,43.4975
2376,2019-02-25T14:30:00+00:00,43.765
2377,2019-02-25T14:45:00+00:00,43.8425
2378,2019-02-25T15:00:00+00:00,43.92
2379,2019-02-25T15:15:00+00:00,43.84
2380,2019-02-25T15:30:00+00:00,43.825
2381,2019-02-25T15:45:00+00:00,43.8525
2382,2019-02-25T16:00:00+00:00,43.8575
2383,2019-02-25T16:15:00+00:00,43.79
2384,2019-02-25T16:30:00+00:00,43.8325
2385,2019-02-25T16:45:00+00:00,43.8475
2386,2019-02-25T17:00:00+00:00,43.7925
2387,2019-02-25T17:15:00+00:00,43.72
2388,2019-02-25T17:30:00+00:00,43.725
2389,2019-02-25T17:45:00+00:00,43.595
2390,2019-02-25T18:00:00+00:00,43.5975
2391,2019-02-25T18:15:00+00:00,43.555
2392,2019-02-25T18:30:00+00:00,43.565
2393,2019-02-25T18:45:00+00:00,43.62
2394,2019-02-25T19:00:00+00:00,43.67
2395,2019-02-25T19:15:00+00:00,43.6825
2396,2019-02-25T19:30:00+00:00,43.695
2397,2019-02-25T19:45:00+00:00,43.695
2398,2019-02-25T20:00:00+00:00,43.68
2399,2019-02-25T20:15:00+00:00,43.615
2400,2019-02-25T20:30:00+00:00,43.64
2401,2019-02-25T20:45:00+00:00,43.5625
2402,2019-02-25T21:00:00+00:00,43.545
2403,2019-02-25T21:15:00+00:00,43.505
2404,2019-02-25T21:30:00+00:00,43.5
2405,2019-02-25T21:45:00+00:00,43.4975
2406,2019-02-25T22:00:00+00:00,43.495
2407,2019-02-25T22:15:00+00:00,43.455
2408,2019-02-25T22:30:00+00:00,43.435
2409,2019-02-25T22:45:00+00:00,43.4575
2410,2019-02-25T23:00:00+00:00,43.4
2411,2019-02-25T23:15:00+00:00,43.4
2412,2019-02-26T07:00:00+00:00,43.3675
2413,2019-02-26T07:15:00+00:00,43.2875
2414,2019-02-26T07:30:00+00:00,43.26
2415,2019-02-26T07:45:00+00:00,43.56
2416,2019-02-26T08:00:00+00:00,43.395
2417,2019-02-26T08:15:00+00:00,43.47
2418,2019-02-26T08:30:00+00:00,43.4425
2419,2019-02-26T08:45:00+00:00,43.355
2420,2019-02-26T09:00:00+00:00,43.3875
2421,2019-02-26T09:15:00+00:00,43.33
2422,2019-02-26T09:30:00+00:00,43.305
2423,2019-02-26T09:45:00+00:00,43.345
2424,2019-02-26T10:00:00+00:00,43.365
2425,2019-02-26T10:15:00+00:00,43.365
2426,2019-02-26T10:30:00+00:00,43.3575
2427,2019-02-26T10:45:00+00:00,43.43
2428,2019-02-26T11:00:00+00:00,43.3825
2429,2019-02-26T11:15:00+00:00,43.43
2430,2019-02-26T11:30:00+00:00,43.3475
2431,2019-02-26T11:45:00+00:00,43.31
2432,2019-02-26T12:00:00+00:00,43.4275
2433,2019-02-26T12:15:00+00:00,43.49
2434,2019-02-26T12:30:00+00:00,43.42
2435,2019-02-26T12:45:00+00:00,43.4
2436,2019-02-26T13:00:00+00:00,43.37
2437,2019-02-26T13:15:00+00:00,43.43
2438,2019-02-26T13:30:00+00:00,43.36
2439,2019-02-26T13:45:00+00:00,43.3275
2440,2019-02-26T14:00:00+00:00,43.3975
2441,2019-02-26T14:15:00+00:00,43.41
2442,2019-02-26T14:30:00+00:00,43.6975
2443,2019-02-26T14:45:00+00:00,43.7125
2444,2019-02-26T15:00:00+00:00,43.705
2445,2019-02-26T15:15:00+00:00,43.6325
2446,2019-02-26T15:30:00+00:00,43.615
2447,2019-02-26T15:45:00+00:00,43.445
2448,2019-02-26T16:00:00+00:00,43.605
2449,2019-02-26T16:15:00+00:00,43.585
2450,2019-02-26T16:30:00+00:00,43.5575
2451,2019-02-26T16:45:00+00:00,43.5575
2452,2019-02-26T17:00:00+00:00,43.535
2453,2019-02-26T17:15:00+00:00,43.53
2454,2019-02-26T17:30:00+00:00,43.5575
2455,2019-02-26T17:45:00+00:00,43.555
2456,2019-02-26T18:00:00+00:00,43.5825
2457,2019-02-26T18:15:00+00:00,43.6075
2458,2019-02-26T18:30:00+00:00,43.5875
2459,2019-02-26T18:45:00+00:00,43.5575
2460,2019-02-26T19:00:00+00:00,43.5825
2461,2019-02-26T19:15:00+00:00,43.565
2462,2019-02-26T19:30:00+00:00,43.59
2463,2019-02-26T19:45:00+00:00,43.64
2464,2019-02-26T20:00:00+00:00,43.665
2465,2019-02-26T20:15:00+00:00,43.6575
2466,2019-02-26T20:30:00+00:00,43.62
2467,2019-02-26T20:45:00+00:00,43.5875
2468,2019-02-26T21:00:00+00:00,43.5625
2469,2019-02-26T21:15:00+00:00,43.545
2470,2019-02-26T21:30:00+00:00,43.54
2471,2019-02-26T21:45:00+00:00,43.5075
2472,2019-02-26T22:00:00+00:00,43.5
2473,2019-02-26T22:30:00+00:00,43.5225
2474,2019-02-26T23:00:00+00:00,43.49
2475,2019-02-26T23:15:00+00:00,43.505
2476,2019-02-27T07:00:00+00:00,43.48
2477,2019-02-27T07:15:00+00:00,43.4225
2478,2019-02-27T07:30:00+00:00,43.5275
2479,2019-02-27T07:45:00+00:00,43.5225
2480,2019-02-27T08:00:00+00:00,43.5225
2481,2019-02-27T08:15:00+00:00,43.4775
2482,2019-02-27T08:30:00+00:00,43.475
2483,2019-02-27T08:45:00+00:00,43.4825
2484,2019-02-27T09:00:00+00:00,43.45
2485,2019-02-27T09:15:00+00:00,43.455
2486,2019-02-27T09:30:00+00:00,43.4625
2487,2019-02-27T09:45:00+00:00,43.425
2488,2019-02-27T10:00:00+00:00,43.4375
2489,2019-02-27T10:15:00+00:00,43.425
2490,2019-02-27T10:30:00+00:00,43.3775
2491,2019-02-27T10:45:00+00:00,43.46
2492,2019-02-27T11:00:00+00:00,43.4625
2493,2019-02-27T11:15:00+00:00,43.575
2494,2019-02-27T11:30:00+00:00,43.4925
2495,2019-02-27T11:45:00+00:00,43.5725
2496,2019-02-27T12:00:00+00:00,43.465
2497,2019-02-27T12:15:00+00:00,43.5425
2498,2019-02-27T12:30:00+00:00,43.5
2499,2019-02-27T12:45:00+00:00,43.4775
2500,2019-02-27T13:00:00+00:00,43.5275
2501,2019-02-27T13:15:00+00:00,43.455
2502,2019-02-27T13:30:00+00:00,43.465
2503,2019-02-27T13:45:00+00:00,43.415
2504,2019-02-27T14:00:00+00:00,43.4825
2505,2019-02-27T14:15:00+00:00,43.3125
2506,2019-02-27T14:30:00+00:00,43.635
2507,2019-02-27T14:45:00+00:00,43.51
2508,2019-02-27T15:00:00+00:00,43.42
2509,2019-02-27T15:15:00+00:00,43.2675
2510,2019-02-27T15:30:00+00:00,43.3475
2511,2019-02-27T15:45:00+00:00,43.2725
2512,2019-02-27T16:00:00+00:00,43.3375
2513,2019-02-27T16:15:00+00:00,43.4025
2514,2019-02-27T16:30:00+00:00,43.46
2515,2019-02-27T16:45:00+00:00,43.47
2516,2019-02-27T17:00:00+00:00,43.515
2517,2019-02-27T17:15:00+00:00,43.555
2518,2019-02-27T17:30:00+00:00,43.5375
2519,2019-02-27T17:45:00+00:00,43.585
2520,2019-02-27T18:00:00+00:00,43.6125
2521,2019-02-27T18:15:00+00:00,43.6075
2522,2019-02-27T18:30:00+00:00,43.555
2523,2019-02-27T18:45:00+00:00,43.605
2524,2019-02-27T19:00:00+00:00,43.6575
2525,2019-02-27T19:15:00+00:00,43.655
2526,2019-02-27T19:30:00+00:00,43.69
2527,2019-02-27T19:45:00+00:00,43.66
2528,2019-02-27T20:00:00+00:00,43.7025
2529,2019-02-27T20:15:00+00:00,43.71
2530,2019-02-27T20:30:00+00:00,43.68
2531,2019-02-27T20:45:00+00:00,43.7175
2532,2019-02-27T21:00:00+00:00,43.705
2533,2019-02-27T21:15:00+00:00,43.7
2534,2019-02-27T21:30:00+00:00,43.705
2535,2019-02-27T21:45:00+00:00,43.75
2536,2019-02-27T22:00:00+00:00,43.74
2537,2019-02-27T22:15:00+00:00,43.7275
2538,2019-02-27T22:30:00+00:00,43.7175
2539,2019-02-27T22:45:00+00:00,43.7025
2540,2019-02-27T23:00:00+00:00,43.725
2541,2019-02-27T23:15:00+00:00,43.705
2542,2019-02-28T07:00:00+00:00,43.5375
2543,2019-02-28T07:15:00+00:00,43.5275
2544,2019-02-28T07:30:00+00:00,43.46
2545,2019-02-28T07:45:00+00:00,43.5175
2546,2019-02-28T08:00:00+00:00,43.3775
2547,2019-02-28T08:15:00+00:00,43.365
2548,2019-02-28T08:30:00+00:00,43.3525
2549,2019-02-28T08:45:00+00:00,43.325
2550,2019-02-28T09:00:00+00:00,43.5
2551,2019-02-28T09:15:00+00:00,43.47
2552,2019-02-28T09:30:00+00:00,43.4075
2553,2019-02-28T09:45:00+00:00,43.52
2554,2019-02-28T10:15:00+00:00,43.52
2555,2019-02-28T10:30:00+00:00,43.4775
2556,2019-02-28T10:45:00+00:00,43.485
2557,2019-02-28T11:00:00+00:00,43.5025
2558,2019-02-28T11:15:00+00:00,43.54
2559,2019-02-28T11:30:00+00:00,43.5825
2560,2019-02-28T11:45:00+00:00,43.6
2561,2019-02-28T12:00:00+00:00,43.535
2562,2019-02-28T12:15:00+00:00,43.59
2563,2019-02-28T12:30:00+00:00,43.625
2564,2019-02-28T12:45:00+00:00,43.6125
2565,2019-02-28T13:00:00+00:00,43.6125
2566,2019-02-28T13:15:00+00:00,43.575
2567,2019-02-28T13:30:00+00:00,43.6625
2568,2019-02-28T13:45:00+00:00,43.635
2569,2019-02-28T14:00:00+00:00,43.6325
2570,2019-02-28T14:15:00+00:00,43.585
2571,2019-02-28T14:30:00+00:00,43.58
2572,2019-02-28T14:45:00+00:00,43.5725
2573,2019-02-28T15:00:00+00:00,43.4825
2574,2019-02-28T15:15:00+00:00,43.4625
2575,2019-02-28T15:30:00+00:00,43.445
2576,2019-02-28T15:45:00+00:00,43.43
2577,2019-02-28T16:00:00+00:00,43.41
2578,2019-02-28T16:15:00+00:00,43.49
2579,2019-02-28T16:30:00+00:00,43.49
2580,2019-02-28T16:45:00+00:00,43.545
2581,2019-02-28T17:00:00+00:00,43.4775
2582,2019-02-28T17:15:00+00:00,43.525
2583,2019-02-28T17:30:00+00:00,43.53
2584,2019-02-28T17:45:00+00:00,43.57
2585,2019-02-28T18:00:00+00:00,43.555
2586,2019-02-28T18:15:00+00:00,43.525
2587,2019-02-28T18:30:00+00:00,43.545
2588,2019-02-28T18:45:00+00:00,43.555
2589,2019-02-28T19:00:00+00:00,43.5325
2590,2019-02-28T19:15:00+00:00,43.5675
2591,2019-02-28T19:30:00+00:00,43.51
2592,2019-02-28T19:45:00+00:00,43.5225
2593,2019-02-28T20:00:00+00:00,43.4875
2594,2019-02-28T20:15:00+00:00,43.5025
2595,2019-02-28T20:30:00+00:00,43.4575
2596,2019-02-28T20:45:00+00:00,43.3
2597,2019-02-28T21:00:00+00:00,43.325
2598,2019-02-28T21:15:00+00:00,43.2925
2599,2019-02-28T21:30:00+00:00,43.3125
2600,2019-02-28T21:45:00+00:00,43.3125
2601,2019-02-28T22:00:00+00:00,43.3
2602,2019-02-28T22:15:00+00:00,43.3125
2603,2019-02-28T22:30:00+00:00,43.3025
2604,2019-02-28T22:45:00+00:00,43.32
2605,2019-02-28T23:00:00+00:00,43.3025
2606,2019-02-28T23:15:00+00:00,43.295
